province;red;green;blue;x;x
1;65;137;101;Kerry;x
2;48;168;107;Cork;x
3;25;148;85;Tipperary;x
4;55;117;85;Waterford;x
5;68;109;88;Kilkenny;x
6;94;124;112;Wexford;x
7;109;217;206;Chania;x
8;55;180;129;Offaly;x
9;90;138;119;Limerick;x
10;40;84;66;Clare;x
11;65;119;97;Aughty;x
12;21;127;84;Galway;x
13;64;167;125;Roscommon;x
14;58;118;94;Mayo;x
15;98;179;146;Longford;x
16;95;221;35;Kildare;x
17;59;143;109;Meath;x
18;17;93;62;Armagh;x
19;55;250;85;Dublin;x
20;41;96;74;Sligo;x
21;12;59;40;Fermanagh;x
22;43;110;83;Donegal;x
23;215;130;77;Down;x
24;156;194;112;Derry-Londonderry;x
25;194;76;29;Antrim;x
26;122;164;73;Tyrone;x
27;84;96;16;London;x
28;84;3;36;Essex;x
29;168;207;162;Bedfordshire;x
30;168;72;12;Surrey;x
31;126;6;164;Kent;x
32;0;75;140;Sussex;x
33;42;0;163;Suffolk;x
34;0;210;35;Norfolk;x
35;126;204;34;Cambridgeshire;x
36;152;171;150;Hertfordshire;x
37;240;4;109;Belomorsk;x
38;15;89;71;Channel Islands;x
39;191;49;61;Berkshire;x
40;84;66;11;Oxfordshire;x
41;165;151;107;Buckinghamshire;x
42;42;63;138;Gloucestershire;x
43;126;69;139;Wiltshire;x
44;171;98;126;Heraklion;x
45;84;81;141;Somerset;x
46;42;93;143;Cornwall;x
47;168;87;142;Devon;x
48;42;78;13;Hampshire;x
49;1;99;75;Wight;x
50;126;84;14;Dorset;x
51;42;198;33;Shropshire;x
52;84;51;136;Herefordshire;x
53;167;32;147;Torun;x
54;0;90;15;Birmingham;x
55;84;186;31;Leicestershire;x
56;42;183;158;Lincolnshire;x
57;126;189;159;Derbyshire;x
58;237;203;110;Nottinghamshire;x
59;97;128;61;Northamptonshire;x
60;168;192;32;Gwynedd;x
61;169;96;202;Anglesey;x
62;175;85;15;Clwyd;x
63;126;54;9;Pembrokeshire;x
64;127;93;74;Ceredigion;x
65;43;87;73;Gower;x
66;0;60;10;Monmouthshire;x
67;168;57;137;Glamorgan;x
68;0;195;160;Montgomeryshire;x
69;85;90;201;Radnorshire;x
70;1;84;200;Brecknockshire;x
71;84;171;156;North Yorkshire;x
72;43;72;198;East Yorkshire;x
73;85;75;71;South Yorkshire;x
74;127;78;199;West Yorkshire;x
75;169;49;143;Rhodes;x
76;126;174;29;Lancashire;x
77;116;248;80;Cyclades;x
78;202;122;163;Manchester;x
79;126;159;154;Cumberland;x
80;0;165;155;Westmorland;x
81;84;156;26;Northumberland;x
82;42;168;28;Durham;x
83;37;70;148;Merseyside;x
84;141;199;197;Euboea;x
85;126;144;24;Edinburgh;x
86;42;153;153;East Lothian;x
87;126;114;19;the Marches;x
88;84;141;151;Glasgow;x
89;168;147;152;Ayrshire;x
90;0;150;25;Galloway;x
91;126;129;149;Perth;x
92;84;126;21;Strathearn;x
93;42;138;23;Fife;x
94;168;132;22;Atholl;x
95;42;123;148;Aberdeenshire;x
96;158;174;160;Inverness;x
97;0;120;20;Moray;x
98;168;117;147;Ross;x
99;84;111;146;Caithness;x
100;0;135;150;Argyll;x
101;0;105;145;Outer Hebrides;x
102;176;186;116;Inner Hebrides;x
103;168;102;17;Shetland;x
104;42;108;18;Orkney;x
105;168;162;27;Isle of Man;x
106;49;181;204;Pervomaisk;x
107;250;145;3;Horlivka;x
108;128;150;184;Maralbeshi;x
109;84;150;126;Nura;x
110;202;210;120;Gilgit;x
111;147;241;197;Panj;x
112;7;170;139;Kulob;x
113;19;49;87;Rafha;x
114;106;134;4;Onguday;x
115;79;251;169;Baruunturuun;x
116;98;178;106;Shagonar;x
117;102;131;114;Mecca;x
118;64;99;79;Jeddah;x
119;68;106;84;al-Lith;x
120;236;233;204;Athens;x
121;130;22;78;Phthiotis;x
122;84;96;224;Corinthia;x
123;98;147;224;Achaea;x
124;234;249;47;Taurage;x
125;134;108;187;Marijampole;x
126;164;110;137;Laconia;x
127;119;71;3;Chios;x
128;179;142;181;Lesbos;x
129;224;241;176;Lemnos;x
130;167;54;49;Cephalonia;x
131;237;93;72;Aetolia-Acarnania;x
132;139;171;105;al-Jahra;x
133;169;243;190;Corfu;x
134;183;54;83;Ioannina;x
135;202;98;109;Thessaly;x
136;57;238;162;Telsiai;x
137;208;167;222;Kozani;x
138;189;220;39;Thessaloniki;x
139;125;147;145;Kuwait;x
140;169;246;15;Koszalin;x
141;141;1;14;Kavala;x
142;224;39;126;Evros;x
143;93;78;2;Istanbul;x
144;185;201;153;Kocaeli;x
145;217;208;112;Limassol;x
146;181;219;208;Nicosia;x
147;149;142;213;Urfahr;x
148;147;115;129;Samos;x
149;82;180;55;Chernyakhovsk;x
150;58;180;152;Dubrovnik;x
151;126;99;144;Faroe Islands;x
152;85;165;136;Sunnlendingafjordungur;x
153;42;3;128;Vestisland;x
154;84;6;1;Austisland;x
155;43;162;8;Nordlendingafjordungur;x
156;76;237;66;Tekirdag;x
157;230;107;83;Edirne;x
158;22;253;124;Kirklareli;x
159;56;206;104;Canakkale;x
160;81;121;195;Gran Canaria;x
161;70;103;163;Fuerteventura;x
162;117;129;152;Lanzarote;x
163;0;106;191;Tenerife;x
164;20;107;176;La Palma;x
165;35;100;151;La Gomera y Hierro;x
166;0;94;185;Madeira;x
167;77;108;83;Lisboa;x
168;77;122;85;Peninsula de Setubal;x
169;76;125;86;Beja;x
170;90;168;105;Alentejo Litoral;x
171;49;112;62;Evora;x
172;118;194;132;Santarem;x
173;33;124;51;Portalegre;x
174;112;72;117;Izmir;x
175;47;111;59;Algarve;x
176;118;161;126;Leiria;x
177;35;77;44;Castelo Branco;x
178;85;98;88;Coimbra;x
179;96;166;111;Aveiro;x
180;120;37;215;Mugla;x
181;39;150;62;Guarda;x
182;34;115;50;Porto;x
183;128;31;53;Antalya;x
184;54;84;60;Vila Real;x
185;126;138;94;Braganca;x
186;118;243;193;Manisa;x
187;242;75;89;Madrid;x
188;97;211;164;Guadalajara;x
189;80;175;136;Cuenca;x
190;239;146;101;Toledo;x
191;239;79;0;Talavera;x
192;242;239;48;Ciudad Real;x
193;107;143;239;Albacete;x
194;212;201;255;Badajoz;x
195;213;195;219;Las Vegas Altas;x
196;156;164;193;Caceres;x
197;180;171;216;Navalmoral de la Mata;x
198;204;145;99;Valladolid;x
199;204;40;97;Palencia;x
200;247;222;113;Avila;x
201;247;203;101;Burgos;x
202;147;93;247;Segovia;x
203;247;235;74;Soria;x
204;204;33;0;Leon;x
205;204;118;114;El Bierzo;x
206;136;109;206;Salamanca;x
207;200;204;134;Zamora;x
208;140;142;204;Oviedo;x
209;110;128;175;Gijon;x
210;171;157;204;Cantabria;x
211;12;153;204;A Coruna;x
212;27;77;95;Lugo;x
213;72;153;181;Ourense;x
214;93;182;211;Pontevedra;x
215;211;28;0;Navarre;x
216;209;108;118;Biscay;x
217;194;206;169;Alava;x
218;197;115;16;Labourd;x
219;193;96;0;La Rioja;x
220;242;220;82;Seville;x
221;242;215;41;Sierra Norte;x
222;255;88;76;Huelva;x
223;255;232;86;Cordoba;x
224;242;180;125;Cadiz;x
225;242;72;60;Gibraltar;x
226;239;220;136;Granada;x
227;239;121;105;Malaga;x
228;239;167;43;Almeria;x
229;239;141;195;Murcia;x
230;32;173;42;Jaen;x
231;249;81;14;Barcelona;x
232;1;224;153;Girona;x
233;247;133;39;Lleida;x
234;161;181;132;Tarragona;x
235;119;133;239;Zaragoza;x
236;86;78;237;Calatayud;x
237;232;108;67;Huesca;x
238;175;0;41;Teruel;x
239;175;82;0;Valencia;x
240;216;150;88;Cofrents-Aiora;x
241;249;215;89;Castellon;x
242;153;198;156;Alicante;x
243;224;150;22;Andorra;x
244;56;99;167;Al-Jazair;x
245;113;67;165;Ayn al-Duflaa;x
246;113;110;163;al-Shalaf;x
247;155;81;165;al-Madiya;x
248;28;136;25;Batana;x
249;102;135;93;Am al-Bwaqi;x
250;37;135;92;Tibissa;x
251;68;135;93;Khunshila;x
252;110;151;50;Biskara;x
253;49;128;132;Balad al-Unnab;x
254;92;132;120;al-Tarif;x
255;111;171;174;Suq Ahras;x
256;76;170;201;Qusantinah;x
257;35;137;203;Mayla;x
258;112;186;201;Sakayakda;x
259;88;197;201;Jijl;x
260;198;68;31;Tyzi Wazu;x
261;244;41;42;Bumirdas;x
262;198;109;127;al-Bwyra;x
263;198;87;59;Bijaya;x
264;105;20;45;Burj Bw Eryrij;x
265;198;57;35;Satif;x
266;251;185;179;Taysamsilat;x
267;7;145;221;Mustaganam;x
268;37;210;219;Ghalayzan;x
269;89;210;219;Meskr;x
270;142;255;249;Saida;x
271;217;8;61;Wahran;x
272;221;136;183;Ayn Tmushent;x
273;216;41;49;Tilimsan;x
274;216;58;98;Bilabbas;x
275;18;36;138;Tayarat;x
276;47;22;137;al-Aghwat;x
277;35;51;137;al-Julfa;x
278;57;35;137;MSila;x
279;214;101;49;al-Naama;x
280;214;40;40;al-Bayad;x
281;179;76;166;Bursa;x
282;180;150;254;Edremit;x
283;62;187;96;Aydin;x
284;196;94;197;Isparta;x
285;142;47;233;Mersin;x
286;103;154;199;Burdur;x
287;227;9;86;Alanya;x
288;75;37;166;Silifke;x
289;228;87;238;Denizli;x
290;207;143;205;Adana;x
291;255;163;15;Menorca;x
292;206;74;0;Mallorca;x
293;255;168;81;Eivissa;x
294;25;177;40;Sinop;x
295;107;221;67;Kastamonu;x
296;93;70;77;Sakarya;x
297;71;144;208;Zonguldak;x
298;216;59;80;Balikesir;x
299;165;103;243;Van;x
300;36;101;152;Hakkari;x
301;213;145;73;Bitlis;x
302;218;117;98;Agri;x
303;178;237;43;Shirnak;x
304;220;122;234;Mardin;x
305;110;73;100;Shanliurfa;x
306;255;173;252;Gaziantep;x
307;189;171;45;Hatay;x
308;127;101;221;Karaman;x
309;117;128;126;Kahramanmaras;x
310;149;216;3;Osmaniye;x
311;133;42;228;Burgas;x
312;162;238;63;Varna;x
313;237;36;75;Dobrich;x
314;182;108;166;Vlore;x
315;182;167;4;Elbasan;x
316;149;227;186;Fier;x
317;173;141;144;Tirana;x
318;207;169;101;Shkoder;x
319;153;147;4;Pristina;x
320;253;41;251;Bar;x
321;121;54;65;Prizren;x
322;217;195;62;West Flanders;x
323;188;166;32;East Flanders;x
324;84;138;186;Antwerp;x
325;225;178;51;Loon;x
326;250;224;66;Brussels;x
327;79;196;68;Tumakuru;x
328;168;69;47;Hainaut;x
329;212;188;40;Namur;x
330;42;135;58;Liege;x
331;0;132;185;Luxembourg;x
332;202;182;61;Arelerland;x
333;255;154;0;North Holland;x
334;185;122;25;Holland;x
335;215;94;6;Zeeland;x
336;198;110;57;Utrecht;x
337;204;96;38;Gelderland;x
338;208;109;21;North Brabant;x
339;173;108;39;Limburg;x
340;205;161;95;Flevoland;x
341;255;140;78;Overijssel;x
342;215;142;30;Friesland;x
343;250;135;42;Groningen;x
344;42;45;43;East Frisia;x
345;84;48;171;Emsland;x
346;0;3;225;Ammerland;x
347;34;35;123;Oldenburg;x
348;127;165;44;Bremen;x
349;42;144;158;Hamburg;x
350;22;47;94;Luneburg;x
351;133;169;122;Celle;x
352;126;135;29;Hannover;x
353;111;118;38;Brunswick;x
354;58;142;98;Gottingen;x
355;112;113;23;Schaumburg-Lippe;x
356;16;173;90;Weser;x
357;78;107;161;Osnabruck;x
358;126;51;44;Munster;x
359;124;74;69;Bielefeld;x
360;84;142;159;Paderborn;x
361;117;130;135;Altmark;x
362;190;134;50;Magdeburg;x
363;49;103;177;Ruhr;x
364;8;84;68;Trier;x
365;20;87;51;Bonn;x
366;145;149;181;Dusseldorf;x
367;85;210;221;Sauerland;x
368;141;100;96;Kassel;x
369;184;139;135;Vogelsberg;x
370;43;192;218;Frankfurt;x
371;68;116;91;Darmstadt;x
372;155;137;135;Wiesbaden;x
373;89;151;170;Westerwald;x
374;47;40;125;Mainz;x
375;61;54;133;Ludwigshafen;x
376;0;32;159;Saarland;x
377;84;147;31;Rugen;x
378;168;153;32;Dithmarschen;x
379;126;141;59;Koblenz;x
380;185;122;87;Schleswig;x
381;126;150;159;Kiel;x
382;133;205;193;Vardar;x
383;1;156;170;Aalborg;x
384;94;118;138;Viborg;x
385;169;153;42;Aarhus;x
386;127;150;169;Trekantomradet;x
387;156;144;64;Aabenraa;x
388;0;156;160;Fyn;x
389;42;159;33;Sjaelland;x
390;85;162;171;Lolland;x
391;0;63;180;Bornholm;x
392;0;141;30;Schwerin;x
393;172;197;134;Rostock;x
394;42;66;53;Stralsund;x
395;168;60;52;Wittenberg;x
396;126;72;54;Szczecin;x
397;84;69;181;Muritz;x
398;84;89;32;Harz;x
399;139;64;59;Erfurt;x
400;162;81;76;Eisenach;x
401;118;51;47;Weimar;x
402;195;209;209;Erzgebirge;x
403;183;215;220;Skopje;x
404;102;131;143;Dresden;x
405;255;207;0;Upper Lusatia;x
406;169;189;77;Lower Lusatia;x
407;83;99;105;Leipzig;x
408;76;79;45;Halle;x
409;50;64;78;Havelland;x
410;69;85;103;Teltow-Flaming;x
411;83;94;107;Oder-Spree;x
412;255;245;104;Berlin;x
413;131;141;152;Uckermark;x
414;153;161;170;Prignitz;x
415;54;94;20;Lubeck;x
416;135;166;171;Bodensee;x
417;139;118;181;Strumica;x
418;122;197;226;Podgorica;x
419;170;88;83;Bijelo Polje;x
420;224;94;182;Tunis;x
421;188;57;39;Benzart;x
422;31;181;81;Sibi;x
423;188;22;61;Nabil;x
424;136;154;38;Kohlu;x
425;186;26;34;Baja;x
426;186;55;46;al-Kaf;x
427;72;113;85;Bolan;x
428;186;16;33;Sfaqes;x
429;186;52;42;Monastir;x
430;121;181;111;Nasirabad;x
431;197;88;210;Susa;x
432;183;11;82;Qiyrwan;x
433;147;48;63;al-Qasrin;x
434;183;67;123;Sidi Bu Zid;x
435;181;61;83;Gafsa;x
436;89;98;40;Dera Bugti;x
437;181;39;23;Gbili;x
438;236;81;161;Gabis;x
439;178;64;46;Tatawin;x
440;178;27;24;Mednin;x
441;104;24;24;Jirba;x
442;83;132;42;al-Wadi;x
443;203;165;37;Radom;x
444;156;109;80;Prypyat;x
445;109;99;54;Gharm;x
446;167;92;98;Namangan;x
447;170;129;82;Toktogul;x
448;42;165;63;Bas-Rhin;x
449;168;189;67;Haut-Rhin;x
450;21;139;160;Mannheim;x
451;22;117;134;Stuttgart;x
452;0;162;190;Karlsruhe;x
453;20;153;176;Breisgau;x
454;42;140;157;Tubingen;x
455;96;101;122;Aschaffenburg;x
456;84;90;114;Wurzburg;x
457;75;82;114;Bayreuth;x
458;64;73;114;Nuremberg;x
459;36;140;148;Weiden;x
460;1;204;220;Regensburg;x
461;42;18;208;Deggendorf;x
462;84;63;151;Passau;x
463;1;201;50;Landshut;x
464;0;15;80;Chiemgau;x
465;0;93;185;Munich;x
466;24;90;155;Funfseenland;x
467;168;108;152;Allgau;x
468;148;92;133;Augsburg;x
469;25;58;54;Geneva;x
470;43;147;133;Vaud;x
471;42;84;148;Neuchatel;x
472;143;102;57;Valais;x
473;84;87;21;Basel;x
474;141;94;49;Lucerne;x
475;168;93;22;Bern;x
476;40;73;7;Bjornoya;x
477;0;96;150;Zurich;x
478;42;99;23;Zug;x
479;126;105;24;Sankt Gallen;x
480;85;150;6;Ticino;x
481;84;102;151;Grisons;x
482;126;57;179;Scania;x
483;84;54;51;Halland;x
484;168;45;177;Blekinge;x
485;126;42;49;Varend;x
486;255;45;107;Kalmar;x
487;0;48;50;Oland;x
488;127;210;179;Hoglandet;x
489;126;27;174;Ostergotland;x
490;84;39;176;Vastra-Gotaland;x
491;42;36;48;Bohuslan;x
492;0;33;175;Dalsland;x
493;42;51;178;Gotland;x
494;0;18;45;Uppland;x
495;84;24;46;Sodermanland;x
496;168;15;172;Vastmanland;x
497;126;12;44;Varmland;x
498;168;30;47;Orebro;x
499;84;9;171;Dalarna;x
500;42;6;43;Gavleborg;x
501;84;207;41;Jamtland;x
502;168;0;42;Herjedalen;x
503;0;3;170;Halsingland;x
504;126;210;169;Medelpad;x
505;42;204;168;Angermanland;x
506;0;201;40;Vasterbotten;x
507;168;198;167;Norbotten;x
508;55;221;251;Akershus;x
509;27;188;180;Buskerud;x
510;163;241;237;Vestfold;x
511;51;255;193;Telemark;x
512;60;97;247;Agder;x
513;184;214;18;Hordaland;x
514;177;219;81;Rogaland;x
515;185;175;0;Sogn;x
516;253;242;170;Romsdal;x
517;132;140;251;Trondheim;x
518;21;103;193;Namdalen;x
519;156;135;218;Gauldalen;x
520;21;222;238;Nordmore;x
521;168;102;222;Finnmark;x
522;249;70;204;Troms;x
523;245;158;237;Nordland;x
524;234;49;216;Helgeland;x
525;41;166;28;Gudbrandsdal;x
526;34;177;76;Glamdalen;x
527;71;252;18;Osterdalen;x
528;21;171;227;Boras;x
529;91;103;240;Goteborg;x
530;255;245;66;Karlstad;x
531;203;99;106;Finnveden;x
532;169;0;52;Tjust;x
533;74;24;177;Lappland;x
534;0;162;232;Ulm;x
535;255;155;109;Tallinn;x
536;209;39;43;Laanemaa;x
537;191;116;82;Saaremaa;x
538;191;53;58;Hiiumaa;x
539;206;113;115;Parnumaa;x
540;180;52;21;Urus-Martan;x
541;255;28;115;Jarva;x
542;156;110;38;Ingushetia;x
543;106;72;186;Valgamaa;x
544;132;226;174;Bojnord;x
545;226;126;71;Mashhad;x
546;204;85;211;Karamay;x
547;206;56;10;Narva;x
548;187;34;6;Rakvere;x
549;169;45;170;Burultoqay;x
550;255;126;119;Tartu;x
551;154;215;151;Zhezqazghan;x
552;201;23;30;Kujalleq;x
553;136;0;27;Nuuk;x
554;63;72;204;Qeqertalik;x
555;140;113;161;Cologne;x
556;0;57;45;Aachen;x
557;168;144;187;Krefeld;x
558;107;99;158;Aland;x
559;195;203;226;Turku;x
560;189;194;211;Satakunta;x
561;165;170;190;Ostrobothnia;x
562;104;109;126;South Ostrobothnia;x
563;190;75;1;Wakhan;x
564;168;171;180;North Ostrobothnia;x
565;135;141;159;Kemi;x
566;161;165;178;Lapland;x
567;84;87;96;Pirkanmaa;x
568;93;94;99;Kanta Hame;x
569;168;179;210;Usimaa;x
570;182;188;205;Central Finland;x
571;109;111;116;Paijat Hame;x
572;147;161;202;Kymenlaakso;x
573;193;193;195;Northern Savonia;x
574;113;118;130;Southern Savonia;x
575;109;122;161;South Karelia;x
576;107;116;143;North Karelia;x
577;144;149;168;Kainuu;x
578;0;39;128;Liechtenstein;x
579;199;38;53;Vorarlberg;x
580;182;18;32;Tyrol;x
581;163;6;20;Salzburg;x
582;151;17;28;Lienz;x
583;198;30;44;Carinthia;x
584;168;52;62;Upper Austria;x
585;165;67;76;Leoben;x
586;203;80;91;Graz;x
587;159;32;43;Burgenland;x
588;197;90;100;Manhartsberg;x
589;238;36;54;Vienna;x
590;255;241;0;Palermo;x
591;213;202;16;Trapani;x
592;209;223;47;Agrigento;x
593;221;245;56;Syracuse;x
594;240;255;142;Catania;x
595;217;224;170;Messina;x
596;243;202;108;Przemysl;x
597;208;12;39;Malta;x
598;109;250;141;Guchung;x
599;247;113;3;Ostroleka;x
600;163;186;66;Sevastopol;x
601;153;236;20;Yevpatoriya;x
602;200;18;174;Hola Prystan;x
603;124;217;177;Taman;x
604;25;203;169;Novorossiysk;x
605;173;227;125;Sochi;x
606;216;91;46;Yeysk;x
607;253;152;178;Rostov-na-Donu;x
608;160;92;27;Azov;x
609;235;199;178;Tikhoretsk;x
610;113;38;13;Volgodonsk;x
611;147;37;40;Salsk;x
612;118;144;118;Nowy Sacz;x
613;202;105;55;Zimovniki;x
614;223;157;36;Kotelnikovo;x
615;209;107;191;Sadovoye;x
616;230;144;214;Volgograd;x
617;116;7;143;Surovikino;x
618;201;33;35;Dubovka;x
619;168;29;130;Volzhsky;x
620;228;27;54;Mikhaylovka;x
621;176;50;138;Kamyshin;x
622;231;220;202;Pallasovka;x
623;174;238;237;Saratov;x
624;145;37;50;Volsk;x
625;161;84;150;Engels;x
626;180;103;114;Balakovo;x
627;127;142;137;Czestochowa;x
628;152;147;214;Novospasskoye;x
629;239;102;60;Nizhny Novgorod;x
630;160;102;69;Kovylkino;x
631;200;90;67;Syzran;x
632;231;5;217;Ulyanovsk;x
633;206;46;111;Buinsk;x
634;114;71;229;Cheboksary;x
635;255;33;104;Perm;x
636;223;78;240;Krasnokamsk;x
637;175;102;124;Izhevsk;x
638;240;5;145;Yelabuga;x
639;217;115;180;Kazan;x
640;151;64;43;Chistopol;x
641;214;52;164;Dimitrovgrad;x
642;206;89;151;Tolyatti;x
643;217;168;187;Samara;x
644;220;110;119;Chapayevsk;x
645;218;115;246;Pugachyov;x
646;130;24;8;Dzerzhinsk;x
647;252;37;234;Yaroslavl;x
648;241;57;23;Dmitrov;x
649;86;40;17;Vladimir;x
650;216;104;150;Murom;x
651;179;38;66;Kasimov;x
652;108;11;116;Moskva;x
653;224;1;245;Podolsk;x
654;143;126;211;Zelenograd;x
655;227;3;139;Tver;x
656;210;130;190;Kimry;x
657;215;153;177;Vesyegonsk;x
658;196;120;40;Torzhok;x
659;124;104;140;Vyshny Volochyok;x
660;220;137;150;Borovichi;x
661;246;74;100;Kresttsy;x
662;227;114;83;Ostashkov;x
663;108;79;33;Latgale;x
664;169;5;222;Petrograd;x
665;205;9;112;Gatchina;x
666;195;99;40;Kingisepp;x
667;226;177;61;Vyborg;x
668;102;91;188;Sortavala;x
669;226;91;144;Petrozavodsk;x
670;244;118;237;Severodvinsk;x
671;175;169;115;Arkhangelsk;x
672;37;145;28;Kolguyev;x
673;247;88;136;Kirovsk;x
674;242;136;149;Veliky Novgorod;x
675;171;136;12;Luga;x
676;219;237;144;Pskov;x
677;223;163;91;Staraya Russa;x
678;98;37;25;Velikiye Luki;x
679;217;208;147;Ostrov;x
680;169;146;130;Viciebsk;x
681;224;223;210;Polatsk;x
682;171;114;99;Liepaja;x
683;115;52;187;Ventspils;x
684;134;143;16;Jurmala;x
685;124;41;246;Riga;x
686;163;208;127;Jelgava;x
687;124;121;197;Valmiera;x
688;252;42;46;Kuznetsk;x
689;143;115;197;Penza;x
690;167;23;37;Rybinsk;x
691;120;79;99;Vyksa;x
692;174;101;3;Arzamas;x
693;238;122;246;Ryazan;x
694;250;248;163;Yegoryevsk;x
695;193;44;172;Ivanovo;x
696;203;149;180;Kanash;x
697;211;34;220;Walbrzych;x
698;180;15;167;Saransk;x
699;107;71;145;Tikhvin;x
700;199;185;245;Cherepovets;x
701;194;142;145;Murmansk;x
702;184;87;125;Apatity;x
703;217;190;3;Lovozero;x
704;235;130;131;Kandalaksha;x
705;190;50;3;Kem;x
706;106;32;52;Segezha;x
707;190;196;29;Kanin;x
708;224;83;232;Nenetsky;x
709;190;177;223;Urdyuzhskoye;x
710;116;164;116;Mezen;x
711;233;195;195;Naryan-Mar;x
712;224;45;104;Yuzhny;x
713;201;169;176;Usinsk;x
714;195;206;200;Izhemsky;x
715;175;118;72;Pechora;x
716;174;115;134;Salekhard;x
717;228;194;7;Muzhi;x
718;222;72;5;Berezovo;x
719;194;212;161;Surgut;x
720;156;143;107;Nefteyugansk;x
721;197;145;98;Khanty-Mansiysk;x
722;224;224;87;Nizhnevartovsk;x
723;156;149;22;Nyagan;x
724;188;80;38;Beloyarsky;x
725;207;102;246;Sverdlovsk;x
726;180;111;13;Tyumen;x
727;233;151;14;Tobolsk;x
728;218;219;6;Uvat;x
729;96;100;55;Yarkovo;x
730;179;199;191;Kamyshlov;x
731;187;197;50;Krasnoufimsk;x
732;126;138;87;Lysva;x
733;148;206;13;Feodosia;x
734;214;197;89;Bor;x
735;199;44;242;Uren;x
736;97;60;160;Danilov;x
737;192;163;201;Vologda;x
738;129;17;62;Vytegra;x
739;141;19;225;Verkhovazhe;x
740;154;72;17;Plesetsk;x
741;204;1;74;Loukhi;x
742;167;115;29;Velsk;x
743;155;10;172;Tagtabazar;x
744;204;184;156;Kotlas;x
745;228;105;194;Veliky Ustyug;x
746;46;170;77;Ust-Kulom;x
747;214;21;88;Kostroma;x
748;245;81;183;Chukhloma;x
749;131;93;93;Yoshkar-Ola;x
750;173;62;150;Makaryev;x
751;240;145;131;Yaransk;x
752;163;106;231;Kirov;x
753;46;160;101;Kamenka;x
754;187;194;249;Turkmenbashi;x
755;242;161;198;Pinega;x
756;233;254;228;Verkhnetoyemskiy;x
757;120;216;178;Usogorsk;x
758;219;134;225;Yugorsky;x
759;124;9;32;Zuyevka;x
760;215;109;48;Belaya Kholunitsa;x
761;187;153;163;Glazov;x
762;129;73;10;Oktyabrsky;x
763;217;74;241;Neftekamsk;x
764;222;50;136;Chaykovsky;x
765;242;220;165;Naberezhnye Chelny;x
766;163;26;228;Bugulma;x
767;216;89;51;Buzuluk;x
768;160;65;118;Orenburg;x
769;182;132;228;Sterlitamak;x
770;174;85;17;Ufa;x
771;210;78;28;Mesyagutovo;x
772;218;179;180;Beloretsk;x
773;223;88;217;Sibay;x
774;165;116;122;Orsk;x
775;220;184;77;Yasny;x
776;101;12;29;Zlatoust;x
777;234;245;139;Chelyabinsk;x
778;232;94;178;Ozersk;x
779;206;47;108;Kudymkar;x
780;233;166;148;Berezniki;x
781;232;27;59;Serov;x
782;90;11;92;Nizhny Tagil;x
783;229;193;152;Morozovsk;x
784;123;56;175;Millerovo;x
785;181;32;16;Kherson;x
786;166;11;171;Mykolaiv;x
787;217;7;135;Odessa;x
788;70;144;184;Dniester;x
789;240;162;155;Dnipro;x
790;247;167;236;Kryvyi Rih;x
791;243;102;249;Nova Kakhovka;x
792;215;71;40;Henichesk;x
793;206;19;186;Melitopol;x
794;218;199;11;Zaporizhia;x
795;205;93;111;Pavlohrad;x
796;117;189;158;Mariupol;x
797;161;34;169;Donetsk;x
798;204;202;169;Luhansk;x
799;226;241;253;Kamensk-Shakhtinsky;x
800;169;216;80;Kaliningrad;x
801;204;53;11;Sovetsk;x
802;48;94;74;Klaipeda;x
803;33;107;207;Trojmiasto;x
804;12;144;63;Urzhar;x
805;99;155;2;Elblag;x
806;242;209;123;Smolensk;x
807;106;135;31;Vyazma;x
808;218;227;100;Roslavl;x
809;182;254;100;Rzhev;x
810;124;114;244;Klintsy;x
811;36;251;46;Bryansk;x
812;150;184;81;Zheleznogorsk;x
813;242;247;107;Kursk;x
814;226;245;72;Kharkiv;x
815;176;216;95;Poltava;x
816;192;131;250;Sumy;x
817;125;195;11;Kremenchuk;x
818;152;247;70;Zolotonosha;x
819;125;231;88;Kyiv;x
820;219;140;168;Brovary;x
821;188;147;215;Lubny;x
822;216;135;44;Sankt Polten;x
823;236;139;107;Gomel;x
824;106;36;127;Chernihiv;x
825;212;56;219;Nizhyn;x
826;96;128;111;Konotop;x
827;212;149;243;Sievierodonetsk;x
828;190;239;14;Lozova;x
829;183;218;113;Belgorod;x
830;90;242;109;Voronezh;x
831;202;197;170;Stary Oskol;x
832;162;109;218;Rossosh;x
833;85;40;91;Pavlovsk;x
834;218;181;232;Borisoglebsk;x
835;244;131;212;Yelets;x
836;24;104;141;Skopin;x
837;174;191;61;Sasovo;x
838;237;79;42;Tambov;x
839;96;89;167;Michurinsk;x
840;120;63;154;Nizhny Lomov;x
841;212;171;237;Balashov;x
842;233;231;151;Tula;x
843;209;166;175;Novomoskovsk;x
844;238;213;137;Oryol;x
845;211;242;184;Livny;x
846;101;240;139;Zhizdra;x
847;240;169;187;Kaluga;x
848;161;136;176;Mogilev;x
849;158;31;39;Babruysk;x
850;192;228;56;Zhlobin;x
851;24;158;28;Mazyr;x
852;235;75;219;Pinsk;x
853;244;254;161;Brest;x
854;218;193;54;Baranovichi;x
855;250;155;189;Grodno;x
856;229;222;135;Lida;x
857;166;129;117;Minsk;x
858;184;134;253;Salihorsk;x
859;216;206;208;Barysaw;x
860;220;90;202;Navapolatsk;x
861;151;239;120;Vilnius;x
862;193;28;199;Kaunas;x
863;108;198;81;Utena;x
864;9;181;88;Panevezys;x
865;248;131;99;Balti;x
866;192;139;14;Chisinau;x
867;230;233;21;Zhmerynka;x
868;191;80;24;Vinnytsia;x
869;199;145;113;Zhytomyr;x
870;233;111;106;Bila Tserkva;x
871;202;133;145;Cherkasy;x
872;161;135;200;Uman;x
873;214;170;53;Oleksandriya;x
874;177;174;75;Kropyvnytskyi;x
875;178;86;42;Podilsk;x
876;215;189;48;Constanta;x
877;133;80;175;Tulcea;x
878;171;127;202;Cahul;x
879;207;102;101;Chernivtsi;x
880;153;82;16;Kamyanets-Podilskyi;x
881;92;34;31;Khmelnytskyi;x
882;252;11;128;Shepetivka;x
883;134;82;39;Novohrad-Volynskyi;x
884;142;139;60;Korosten;x
885;138;125;131;Lviv;x
886;247;150;98;Rivne;x
887;196;17;8;Lutsk;x
888;128;66;134;Kovel;x
889;93;102;252;Varash;x
890;138;122;52;Drohobych;x
891;212;128;97;Ivano-Frankivsk;x
892;208;252;223;Ternopil;x
893;73;161;144;Transcarpathia;x
894;199;232;255;Jekabpils;x
895;6;184;7;Alytus;x
896;145;162;69;Siauliai;x
897;216;194;16;Astrakhan;x
898;175;40;216;Elista;x
899;225;183;106;Stavropol;x
900;157;31;40;Budyonnovsk;x
901;112;39;81;Lagan;x
902;243;51;128;Tsagan Aman;x
903;175;131;173;Grozny;x
904;215;59;69;Kizlyar;x
905;94;54;97;Derbent;x
906;250;120;34;Makhachkala;x
907;225;42;139;Maykop;x
908;150;108;29;Krasnodar;x
909;181;198;84;Kropotkin;x
910;164;26;34;Armavir;x
911;218;117;61;Cherkessk;x
912;138;133;183;Pyatigorsk;x
913;217;154;34;Nalchik;x
914;196;86;244;Vladikavkaz;x
915;252;184;226;Sukhumi;x
916;135;143;181;Baku;x
917;216;195;162;Quba;x
918;28;105;245;Erbent;x
919;211;245;128;Ayteke Bi;x
920;166;177;54;Akhtubinsk;x
921;248;216;121;Krasnyy Yar;x
922;234;9;68;Atyrau;x
923;179;120;216;Kaztalovka;x
924;241;156;94;Zhanbay;x
925;179;145;140;Zhanaqala;x
926;165;137;129;Uralsk;x
927;213;90;17;Akzhaik;x
928;192;129;235;Kyzylkoga;x
929;246;252;113;Syrym;x
930;151;134;161;Aktyubinsk;x
931;181;169;149;Temir;x
932;204;197;220;Zhylyoi;x
933;173;69;208;Beynau;x
934;219;198;193;Inta;x
935;251;150;189;Vokhma;x
936;98;51;55;Buguruslan;x
937;114;116;48;Izmail;x
938;235;76;208;Lipetsk;x
939;31;185;201;Kungrad;x
940;208;200;254;Mangystau;x
941;43;125;64;Karakiya;x
942;110;183;244;Balkanabat;x
943;72;129;211;Dasoguz;x
944;32;226;65;Moynoq;x
945;179;241;43;Nukus;x
946;110;202;80;Urgench;x
947;15;168;161;Gorgan;x
948;150;144;225;Serdar;x
949;5;198;243;Ashgabat;x
950;94;95;248;Turkmenabat;x
951;174;129;214;Bukhara;x
952;45;209;43;Samarkand;x
953;83;178;49;Tashkent;x
954;218;247;232;Khujand;x
955;176;77;111;Jizzakh;x
956;124;104;48;Fergana;x
957;5;218;244;Balkhash;x
958;152;158;23;Ayagoz;x
959;214;110;95;Moiynkum;x
960;233;26;246;Shet;x
961;73;234;212;Karkaraly;x
962;67;217;88;Karagandy;x
963;192;250;31;Ulytau;x
964;232;182;218;Zhanaarka;x
965;216;72;171;Shalkar;x
966;101;178;73;Mugalzhar;x
967;76;251;121;Aralsk;x
968;210;133;247;Kazaly;x
969;9;196;34;Bakanas;x
970;68;176;59;Almaty;x
971;165;150;154;Bishkek;x
972;93;96;39;Karakol;x
973;118;241;149;Kochkor;x
974;64;223;252;Taldykorgan;x
975;40;193;120;Alakol;x
976;100;179;207;Kurshim;x
977;183;31;248;Tarbagatay;x
978;208;127;171;Akmola;x
979;190;250;178;Kokshetau;x
980;194;133;10;Shchuchinsk;x
981;230;38;58;Shadrinsk;x
982;222;182;109;Kurgan;x
983;215;39;68;Petropavl;x
984;163;223;174;Kostanay;x
985;68;131;158;Troitsk;x
986;108;192;248;Magnitogorsk;x
987;185;123;123;Zhetikara;x
988;129;52;206;Irkutsk;x
989;184;74;106;Bratsk;x
990;147;132;120;Tulun;x
991;133;100;80;Nizhneudinsk;x
992;198;201;110;Tayshet;x
993;35;140;172;Kansk;x
994;184;196;44;Krasnoyarsk;x
995;116;226;23;Abakan;x
996;75;165;148;Novosibirsk;x
997;127;154;50;Tomsk;x
998;156;87;194;Bely Yar;x
999;173;118;254;Yurga;x
1000;126;96;29;Rijeka;x
1001;202;29;221;Mirpur;x
1002;113;243;129;Herat;x
1003;168;99;157;Kvarnerska Ostrva;x
1004;168;114;32;Lika;x
1005;178;16;35;Karlovac;x
1006;0;117;160;Zadar;x
1007;158;86;110;Livno;x
1008;91;66;22;Bjelovar;x
1009;126;111;159;Banja Luka;x
1010;84;123;161;Split;x
1011;91;86;147;Bihac;x
1012;78;55;76;Novo Mesto;x
1013;66;182;31;Zagreb;x
1014;205;78;25;Varazdin;x
1015;46;76;60;Maribor;x
1016;238;176;114;Kerch;x
1017;139;38;183;Yarkant;x
1018;93;144;153;Usti;x
1019;64;52;193;Karlovy Vary;x
1020;64;193;193;Plzen;x
1021;176;124;204;South Bohemia;x
1022;8;67;127;Vysocina;x
1023;176;212;204;South Moravia;x
1024;75;204;187;Zlin;x
1025;255;128;132;Ostrava;x
1026;75;116;187;Olomouc;x
1027;150;186;111;Middle Bohemia;x
1028;95;55;132;Hradec Kralove;x
1029;196;55;132;Pardubice;x
1030;160;98;44;Presov;x
1031;232;92;46;Kosice;x
1032;206;209;101;Zilina;x
1033;91;144;153;Banska Bystrica;x
1034;162;144;153;Nitra;x
1035;206;150;101;Trencin;x
1036;249;215;0;Bratislava;x
1037;93;218;153;Prague;x
1038;46;4;216;Liberec;x
1039;195;51;25;ar-Ribat;x
1040;226;9;9;al-Khamisat;x
1041;122;192;91;al-Qunaytira;x
1042;113;133;24;Ad-dar al-Baidaa;x
1043;140;102;0;Sitat;x
1044;186;43;0;al-Jadida;x
1045;231;209;168;Marrakish;x
1046;253;232;231;as-Sawirah;x
1047;207;227;155;as-Safi;x
1048;255;250;194;Qalaat as-Sraghna;x
1049;255;252;223;Tanja;x
1050;253;209;172;Tetwan;x
1051;225;222;239;Shafashawn;x
1052;231;240;193;al-Hasima;x
1053;255;235;176;al-Naazur;x
1054;249;164;235;Wajida;x
1055;250;213;230;Tawrirat;x
1056;249;191;190;Fakik;x
1057;211;227;136;Fas;x
1058;254;250;203;Tawnat;x
1059;204;231;212;Taza;x
1060;251;211;211;Miknas;x
1061;255;252;189;Bulman;x
1062;210;216;238;Bani Mellal;x
1063;254;206;121;Khuraybika;x
1064;252;211;193;Azilal;x
1065;200;197;226;Khunyfira;x
1066;169;139;211;Warzazat;x
1067;177;172;213;Dara Dads;x
1068;178;221;193;Qasr al-Suwk;x
1069;254;219;181;Aghadir;x
1070;152;209;173;Tazniyat;x
1071;253;188;134;Tata;x
1072;138;188;100;Tripoli;x
1073;109;188;114;az-Zawiya;x
1074;93;175;119;Ghadamis;x
1075;51;175;111;Jabal al-Gharbi;x
1076;168;74;88;Sabha;x
1077;170;87;133;Ashati;x
1078;168;50;30;al-Jufrah;x
1079;173;114;36;Misratah;x
1080;173;153;74;Sawfajjin;x
1081;173;95;53;Surt;x
1082;119;155;170;Benghazi;x
1083;46;102;170;al-Wahat;x
1084;100;115;170;Jabal al-Akhdar;x
1085;71;91;170;Darnah;x
1086;61;58;170;al-Butnan;x
1087;241;57;108;Olkhon;x
1088;211;185;243;Ust-Ilimsk;x
1089;169;91;72;Ust-Kut;x
1090;144;172;175;Borzya;x
1091;178;165;69;Chernyshevsk;x
1092;109;196;171;Mogocha;x
1093;71;220;93;Lesosibirsk;x
1094;204;26;139;Skardu;x
1095;183;70;96;Kargil;x
1096;100;122;191;Kizilsu;x
1097;189;44;145;Kargalik;x
1098;194;131;119;Guma;x
1099;254;184;228;Barkol;x
1100;224;214;215;Cagliari;x
1101;215;208;210;Oristano;x
1102;202;196;197;Nuoro;x
1103;189;185;185;Sassari;x
1104;0;147;68;Calabria;x
1105;22;125;69;Cosenza;x
1106;69;189;153;Basilicata;x
1107;53;116;63;Foggia;x
1108;42;129;75;Bari;x
1109;49;150;95;Salento;x
1110;27;138;45;Salerno;x
1111;33;73;35;Naples;x
1112;32;101;43;Benevento;x
1113;51;124;41;Molise;x
1114;54;109;47;Pescara;x
1115;73;137;64;L'Aquila;x
1116;74;142;103;Latina;x
1117;134;155;146;Rome;x
1118;142;202;160;Viterbo;x
1119;26;154;80;Rieti;x
1120;44;119;51;Umbria;x
1121;45;118;76;Macerata;x
1122;37;129;89;Ancona;x
1123;14;153;18;Grosseto;x
1124;76;144;111;Siena;x
1125;49;170;111;Arezzo;x
1126;120;177;139;Pisa;x
1127;16;100;60;Florence;x
1128;83;108;87;Lucca;x
1129;99;174;101;Genoa;x
1130;97;155;99;Savona;x
1131;134;181;53;Cuneo;x
1132;71;98;51;Turin;x
1133;70;88;56;Alessandria;x
1134;64;149;74;Novara;x
1135;112;134;94;Aosta;x
1136;33;58;6;Parma;x
1137;50;95;32;Modena;x
1138;77;104;66;Bologna;x
1139;97;159;72;Ravenna;x
1140;170;208;173;Ferrara;x
1141;97;170;67;Rimini;x
1142;45;117;78;San Marino;x
1143;93;126;97;Pavia;x
1144;79;117;83;Milan;x
1145;143;182;147;Varesotto;x
1146;59;153;117;Sondrio;x
1147;62;181;117;Bergamo;x
1148;146;205;173;Brescia;x
1149;13;210;143;Mantua;x
1150;14;51;31;Padua;x
1151;123;164;127;Verona;x
1152;80;147;86;Treviso;x
1153;97;130;112;Venice;x
1154;164;216;160;Udine;x
1155;63;117;68;Trentino;x
1156;69;96;72;South Tyrol;x
1157;15;174;94;Belluno;x
1158;24;135;34;Trieste;x
1159;153;169;151;Badghis;x
1160;106;127;96;Ljubljana;x
1161;75;205;236;Nimruz;x
1162;101;155;106;Pordenone;x
1163;66;233;199;Banat;x
1164;169;216;116;Bachka;x
1165;25;109;139;Baranya;x
1166;129;211;39;Somogy;x
1167;145;70;115;Veszprem;x
1168;176;213;171;Gyor;x
1169;224;84;194;Buda;x
1170;118;186;247;Pest;x
1171;222;21;70;Bacs-Kiskun;x
1172;205;70;42;Bekes;x
1173;251;95;35;Borsod;x
1174;22;212;91;Hajdu-Bihar;x
1175;110;134;83;Maramures;x
1176;224;206;97;Bihor;x
1177;129;246;160;Cluj;x
1178;255;215;26;Mures;x
1179;198;173;103;Harghita;x
1180;195;121;107;Brasov;x
1181;210;145;252;Hunedoara;x
1182;171;47;130;Arad;x
1183;63;203;82;Timis;x
1184;132;158;25;Caras-Severin;x
1185;45;139;67;Mehedinti;x
1186;73;193;116;Dolj;x
1187;168;94;47;Arges;x
1188;166;235;138;Olt;x
1189;247;198;219;Prahova;x
1190;82;84;43;Bucharest;x
1191;194;121;246;Buzau;x
1192;27;228;59;Braila;x
1193;217;142;245;Galati;x
1194;70;140;250;Bacau;x
1195;220;36;166;Iasi;x
1196;10;52;174;Sao Miguel;x
1197;6;29;96;Terceira;x
1198;70;191;81;Todzha;x
1199;139;61;125;Jan Mayen;x
1200;12;53;218;Ulan-Ude;x
1201;184;170;143;Barguzin;x
1202;246;104;74;Zakamensk;x
1203;201;102;29;Novokuznetsk;x
1204;153;46;91;Kemerovo;x
1205;57;125;160;Mariinsk;x
1206;28;118;25;Achinsk;x
1207;72;156;125;Kolpashevo;x
1208;250;204;40;Berdsk;x
1209;222;136;30;Zharkent;x
1210;191;232;72;Ili;x
1211;67;132;73;Qoqak;x
1212;121;191;65;Altay;x
1213;141;239;213;Oskemen;x
1214;128;98;159;Kokpekti;x
1215;202;132;66;Semey;x
1216;193;5;207;Pavlodar;x
1217;46;157;248;Ekibastuz;x
1218;196;181;201;Kashyr;x
1219;212;172;93;Ualikhanov;x
1220;9;133;178;Omsk;x
1221;56;236;119;Kalachinsk;x
1222;181;153;8;Isilkul;x
1223;152;220;203;Ishim;x
1224;176;42;136;Zavodoukovsk;x
1225;12;244;227;Shumikha;x
1226;84;127;160;Kargat;x
1227;234;11;2;Tatarsk;x
1228;163;88;100;Karasuk;x
1229;178;23;138;Rubtsovsk;x
1230;171;193;77;Kamen-na-Obi;x
1231;227;191;225;Barnaul;x
1232;255;18;16;Biysk;x
1233;218;203;168;Gorno-Altaysk;x
1234;141;182;116;Kosh-Agach;x
1235;67;232;230;Ak-Dovurak;x
1236;12;184;71;Kyzyl;x
1237;146;31;182;Minusinsk;x
1238;162;209;201;Zelenogorsk;x
1239;214;43;121;Bayan-Olgii;x
1240;68;119;183;Khovd;x
1241;224;151;207;Ulaangom;x
1242;60;136;152;Petrovsk-Zabaykalsky;x
1243;177;125;201;Darkhad;x
1244;225;106;35;Moron;x
1245;191;165;40;Zavkhan;x
1246;150;161;197;Chita;x
1247;148;53;78;Govi-Altai;x
1248;150;225;217;Bayankhongor;x
1249;159;177;140;Omnogovi;x
1250;191;147;184;Ovorkhangai;x
1251;228;135;226;Arkhangai;x
1252;23;107;123;Orkhon;x
1253;39;114;62;Darkhan-Uul;x
1254;229;222;142;Ulaanbaatar;x
1255;16;226;42;Tov;x
1256;226;2;44;Dundgovi;x
1257;199;43;83;Dornogovi;x
1258;220;105;146;Khentii;x
1259;140;49;187;Sukhbaatar;x
1260;229;206;133;Dornod;x
1261;156;112;118;Khotan;x
1262;65;111;157;Kashgar;x
1263;99;176;202;Aksu;x
1264;22;244;158;Korla;x
1265;228;63;245;Qarqan;x
1266;139;172;33;Urumqi;x
1267;193;179;188;Turpan;x
1268;157;94;189;Qumul;x
1269;249;57;75;Bortala;x
1270;51;176;158;Andijan;x
1271;251;192;227;Osh;x
1272;16;159;189;Alay;x
1273;247;225;169;Talas;x
1274;175;2;54;Naryn;x
1275;123;15;252;Severobaykalsk;x
1276;84;153;15;Shymkent;x
1277;178;68;47;Turkistan;x
1278;167;59;29;Kyzylorda;x
1279;189;153;239;Baikonur;x
1280;119;169;146;Zhanakorgan;x
1281;163;180;149;Zarafshan;x
1282;235;150;68;Dushanbe;x
1283;32;219;59;Qurgonteppa;x
1284;241;8;217;Qarshi;x
1285;232;186;57;Termez;x
1286;187;183;34;Mazar-i-Sharif;x
1287;124;147;130;Kerki;x
1288;91;214;21;Sheberghan;x
1289;26;175;252;Faryab;x
1290;70;229;226;Kunduz;x
1291;131;222;46;Taloqan;x
1292;104;238;245;Kabul;x
1293;113;65;122;Jalalabad;x
1294;47;214;62;Baghlan;x
1295;134;180;231;Kandahar;x
1296;233;228;36;Quetta;x
1297;205;225;75;Sozak;x
1298;86;237;187;Shu;x
1299;252;154;142;Taraz;x
1300;225;123;2;Karasu;x
1301;14;159;104;Shal akyn;x
1302;255;219;70;Korgalzhyn;x
1303;33;241;124;Navoi;x
1304;99;89;228;Esil;x
1305;226;137;120;Arkalyk;x
1306;44;223;161;Abay;x
1307;250;70;130;Mary;x
1308;97;149;39;Tejen;x
1309;189;24;225;Novoaltaysk;x
1310;136;44;132;Vuktyl;x
1311;62;99;164;Yugorsk;x
1312;150;220;236;Ivdel;x
1313;218;31;183;Znamenskoye;x
1314;50;242;183;Tara;x
1315;251;241;176;Molchanovo;x
1316;209;31;3;Kargasok;x
1317;187;103;237;Volzhsk;x
1318;120;194;83;Syktyvkar;x
1319;103;241;228;Priluzsky;x
1320;190;195;178;Ukhta;x
1321;137;15;19;Siedlce;x
1322;206;44;59;Stargard;x
1323;132;11;11;Opole;x
1324;204;127;79;Katowice;x
1325;89;111;165;Tuchola;x
1326;206;128;59;Slupsk;x
1327;131;141;47;Gorzow;x
1328;142;108;77;Legnica;x
1329;137;55;55;Wroclaw;x
1330;122;191;49;Zielona Gora;x
1331;91;127;79;Poznan;x
1332;156;209;33;Wloclawek;x
1333;163;79;34;Pila;x
1334;100;209;33;Bydgoszcz;x
1335;169;88;80;Krakow;x
1336;178;8;0;Rzeszow;x
1337;147;72;78;Swietokrzyskie;x
1338;206;72;78;Lodz;x
1339;255;119;124;Warsaw;x
1340;243;15;19;Plock;x
1341;206;131;51;Lublin;x
1342;175;60;54;Chelm;x
1343;81;127;33;Kalisz;x
1344;0;255;46;Olsztyn;x
1345;0;147;22;Elk;x
1346;143;63;68;Suwalki;x
1347;242;106;111;Bialystok;x
1348;201;88;156;Lomza;x
1349;167;48;78;Piotrkow;x
1350;155;52;71;Doha;x
1351;103;52;62;al-Wakrah;x
1352;240;198;156;Tashkurgan;x
1353;130;129;106;Xejing;x
1354;222;183;8;Niye;x
1355;90;147;151;Famagusta;x
1356;12;168;86;Korce;x
1357;156;37;155;Toqsu;x
1358;82;232;128;Tekes;x
1359;223;181;129;Suceava;x
1360;157;211;134;Tiraspol;x
1361;199;25;107;Charklik;x
1362;216;83;216;Jiuquan;x
1363;137;86;80;Wuwei;x
1364;129;222;164;Beruni;x
1365;90;220;90;Sari;x
1366;34;246;121;Lankaran;x
1367;86;169;5;Shirvan;x
1368;210;164;156;Chalus;x
1369;43;237;227;Rasht;x
1370;251;235;219;Labytnangi;x
1371;104;223;100;Pernik;x
1372;121;1;0;Sofia;x
1373;187;102;6;;x
1374;220;212;164;Plovdiv;x
1375;159;44;20;Stara Zagora;x
1376;192;193;90;Sliven;x
1377;227;150;95;Shumen;x
1378;247;141;191;Ruse;x
1379;167;173;250;Veliko Tarnovo;x
1380;208;136;165;Lovech;x
1381;140;5;195;Pleven;x
1382;229;102;172;Vidin;x
1383;106;0;124;Blagoevgrad;x
1384;93;162;35;Kardzhali;x
1385;14;239;252;Nisava;x
1386;29;168;131;Jablanica;x
1387;62;189;241;Zlatibor;x
1388;11;122;200;Raska;x
1389;91;188;158;Branichevo;x
1390;183;244;231;Belgrade;x
1391;117;208;192;Machva;x
1392;36;134;84;Brod;x
1393;161;152;146;Osijek-Baranja;x
1394;228;178;175;Tuzla;x
1395;59;141;161;Sarajevo;x
1396;38;151;123;Zenica;x
1397;131;212;139;Mostar;x
1398;116;129;177;Konin;x
1399;137;99;41;al-Qahirah;x
1400;135;89;55;Atfih;x
1401;130;42;70;al-Jizah;x
1402;103;127;118;al-Gharbiyah;x
1403;71;126;127;Kafr ash-Shaykh;x
1404;62;127;122;Dumyat;x
1405;52;46;124;al-Iskandariyya;x
1406;70;34;124;al-Buhayra;x
1407;122;86;99;Marsa Matruh;x
1408;122;97;97;Sidi Barrani;x
1409;41;51;124;al-Hammam;x
1410;84;141;255;as-Suways;x
1411;68;180;255;al-Ismailiyah;x
1412;109;218;255;al-Sharqiyya;x
1413;112;162;255;al-Arish;x
1414;124;185;255;Janub Saina;x
1415;168;10;126;al-Fayyum;x
1416;168;0;70;Bani Suef;x
1417;168;18;123;al-Minya;x
1418;165;19;90;Akoris;x
1419;119;112;255;Shamal Saina;x
1420;82;234;138;al-Uqsur;x
1421;107;255;151;Qina;x
1422;145;238;255;Asyut;x
1423;170;255;224;Sawhaj;x
1424;94;107;255;Aswan;x
1425;35;86;255;Abu Sinbal;x
1426;215;58;255;al-Ghurdaqah;x
1427;165;44;107;Ras Gareb;x
1428;192;68;255;Safaga;x
1429;168;67;188;Marsa Alam;x
1430;176;87;186;Halayib;x
1431;181;171;106;al-Kharijah;x
1432;122;99;118;Siwa;x
1433;130;75;55;al-Bahriya;x
1434;183;176;123;al-Farafirah;x
1435;176;183;73;ad-Dakhlah;x
1436;193;213;129;Isna;x
1437;25;229;128;Akhmim;x
1438;122;255;168;Abnub;x
1439;25;0;255;Idfu;x
1440;60;161;39;Sanaa;x
1441;137;255;117;Sanhan;x
1442;79;255;128;Damar;x
1443;124;255;127;Amran;x
1444;171;255;147;Sadah;x
1445;240;255;170;al-Hudaydah;x
1446;255;242;224;Zabid;x
1447;106;148;42;az-Zuhrah;x
1448;255;253;224;al-Mahwit;x
1449;214;247;209;Hagga;x
1450;255;241;209;Jizan;x
1451;255;225;61;Taizz;x
1452;241;255;53;Mawshij;x
1453;255;245;119;al-Mukha;x
1454;165;76;255;Aden;x
1455;150;81;255;al-Madaribah Wa al-Arah;x
1456;174;117;255;al-Maqatirah;x
1457;155;109;255;Yafaa;x
1458;182;158;255;Abyan;x
1459;143;84;255;ad-Dali;x
1460;255;95;86;Marib;x
1461;255;148;112;al-Bayda;x
1462;217;106;24;al-Jawf;x
1463;255;96;175;Najran;x
1464;87;169;14;al-Mukalla;x
1465;43;250;215;Sayun;x
1466;0;255;119;al-Mahrah;x
1467;94;255;118;Sabwa;x
1468;159;7;122;Suqutra;x
1469;181;55;55;Masqat;x
1470;167;45;45;Sur;x
1471;219;53;53;Ibra;x
1472;158;32;32;ad-Dahiliyah;x
1473;95;78;128;Zufar;x
1474;67;89;98;al-Wusta;x
1475;126;101;101;Suhar;x
1476;184;126;126;ar-Rustaq;x
1477;146;82;82;al-Buraymi;x
1478;112;65;65;az-Zahirah;x
1479;198;66;66;Abu Dhabi;x
1480;166;74;74;al-Ayn;x
1481;182;47;47;az-Zafrah;x
1482;207;68;153;Dubai;x
1483;168;35;116;Sharjah;x
1484;181;48;129;Ras al-Khaimah;x
1485;133;96;37;al-Hofuf;x
1486;145;112;59;Haradh;x
1487;97;69;25;Salwa;x
1488;167;151;126;ad-Dammam;x
1489;189;146;78;al-Awal;x
1490;187;170;144;Biqayq;x
1491;215;184;135;an-Nairyah;x
1492;179;166;145;Hafar al-Batin;x
1493;181;153;109;Madinat Khaled;x
1494;174;146;102;Khafji;x
1495;211;170;107;Qaryat al-Ulya;x
1496;41;125;184;Marseille;x
1497;82;112;135;Var;x
1498;47;89;121;Nice;x
1499;81;120;150;Basses-Alpes;x
1500;48;117;165;Comtat Venaissin;x
1501;97;179;192;Monaco;x
1502;44;73;147;Pumonti;x
1503;34;59;124;Cismonte;x
1504;22;98;151;Isere;x
1505;121;146;165;Hautes-Alpes;x
1506;12;59;91;Drome;x
1507;42;57;94;Gard;x
1508;6;38;60;Vivarais;x
1509;6;14;35;Gevaudan;x
1510;73;90;102;Savoy;x
1511;84;95;103;Mont-Blanc;x
1512;6;13;33;Rhone;x
1513;86;90;13;Ain;x
1514;72;92;144;Toulouse;x
1515;46;51;64;Quercy;x
1516;28;39;68;Rouergue;x
1517;83;85;90;Tarn;x
1518;41;62;115;Herault;x
1519;55;75;126;Aude;x
1520;35;56;109;Roussillon;x
1521;34;55;110;Comminges;x
1522;64;78;112;Bigorre;x
1523;54;79;143;Ariege;x
1524;36;49;85;Armagnac;x
1525;18;28;56;Landes;x
1526;27;43;82;Bearn;x
1527;32;41;64;Gironde;x
1528;14;21;38;Perigord;x
1529;17;30;65;Agen;x
1530;49;54;69;Haut-Limousin;x
1531;21;45;108;La Marche;x
1532;21;39;86;Correze;x
1533;10;84;22;Vienne;x
1534;32;39;60;Angouleme;x
1535;45;54;78;Saintonge;x
1536;15;33;83;Vendee;x
1537;34;52;104;Deux-Sevres;x
1538;20;28;51;Puy-de-Dome;x
1539;5;28;89;Bourbon;x
1540;54;81;154;Cantal;x
1541;28;37;61;Velay;x
1542;42;90;178;Rennes;x
1543;178;234;3;Istaravshan;x
1544;176;143;103;Saint-Malo;x
1545;84;93;51;Saint-Brieuc;x
1546;42;105;53;Nantes;x
1547;0;102;180;Vannes;x
1548;168;99;52;Cornouaille;x
1549;126;96;179;Bro-Leon;x
1550;85;18;176;Tregor;x
1551;136;39;118;Paris;x
1552;84;123;56;Yvelines;x
1553;105;35;92;Seine-et-Marne;x
1554;34;92;44;Anjou;x
1555;114;46;102;Mayenne;x
1556;106;26;92;Sarthe;x
1557;4;97;20;Cher;x
1558;10;113;27;Indre;x
1559;12;68;21;Touraine;x
1560;72;27;64;Orleans;x
1561;16;51;22;Blois;x
1562;182;78;163;Chartres;x
1563;88;55;82;Seine-Maritime;x
1564;145;78;133;Eure;x
1565;111;59;102;Calvados;x
1566;61;31;55;Alencon;x
1567;137;66;124;Cotentin;x
1568;85;135;81;Somme;x
1569;126;126;184;Aisne;x
1570;59;94;56;Oise;x
1571;168;9;37;Lille;x
1572;39;47;171;Valenciennes;x
1573;0;12;165;Pas de Calais;x
1574;84;18;166;Artois;x
1575;183;157;108;Marne;x
1576;168;129;57;Ardennes;x
1577;187;195;94;Troyes;x
1578;45;144;15;Haute-Marne;x
1579;84;168;191;Nancy;x
1580;126;171;64;Moselle;x
1581;43;126;18;Meuse;x
1582;242;109;125;Vosges;x
1583;72;74;50;Cote-dOr;x
1584;95;97;70;Yonne;x
1585;102;104;83;Nievre;x
1586;113;119;9;Macon;x
1587;103;105;78;Doubs;x
1588;89;92;58;Vesoul;x
1589;73;74;56;Jura;x
1590;234;129;171;Lakshadweep;x
1591;26;20;220;Thiladhunmathi;x
1592;204;203;12;Nilandhe;x
1593;193;102;92;Huvadhu;x
1594;138;202;93;Male;x
1595;212;143;120;Kukes;x 
1596;182;96;160;Polog;x
1597;168;113;113;Bilecik;x
1598;14;40;75;Turaif;x
1599;169;192;223;Riyad;x
1600;116;154;205;Rumah;x
1601;121;160;213;al-Kharj;x
1602;158;178;205;al-Hariq;x
1603;121;150;188;al-Muzahmiyya;x
1604;125;145;171;Murat;x
1605;105;144;198;Sakakah;x
1606;84;130;194;Qurayyat;x
1607;81;114;159;Tubarjal;x
1608;87;124;175;Dawmat al-Jandal;x
1609;15;56;113;Duwadmi;x
1610;18;46;85;al-Quwayiyah;x
1611;19;55;104;Wadi ad-Dawasir;x
1612;19;41;71;Afif;x
1613;110;155;181;Buraydah;x
1614;40;105;189;al-Bukayriyah;x
1615;12;77;161;ar-Rass;x
1616;26;123;248;Unaizah;x
1617;16;78;160;az-Zulfi;x
1618;16;96;201;al-Majmaah;x
1619;13;63;121;Arar;x
1620;56;213;168;Lakshadweep Sea;x
1621;112;203;104;Arkona Basin;x
1622;76;200;245;Gulf of Riga;x
1623;99;229;139;Indian Ocean;x
1624;34;188;173;Coast of Morocco;x
1625;186;157;220;Coast of Tripoli;x
1626;144;177;204;Gulf of Aqaba;x
1627;127;142;169;Red Sea;x
1628;111;188;103;Red Sea;x
1629;133;97;132;Red Sea;x
1630;216;122;255;Coast of Gujarat;x
1631;186;250;69;Coast of Goa;x
1632;135;143;106;Palk Strait;x
1633;142;163;162;Mediterranean Sea;x
1634;204;136;49;Black Sea;x
1635;236;92;51;Barents Sea;x
1636;170;103;115;Kara Sea;x
1637;246;137;65;Kara Sea;x
1638;161;186;85;Kara Sea;x
1639;173;159;75;Gulf of Ob;x
1640;129;244;218;Gulf of Ob;x
1641;119;142;38;Western Sahara Coast;x
1642;103;184;82;Atlantic Ocean;x
1643;70;138;52;Acores Sea;x
1644;126;183;184;Strait of Gibraltar;x
1645;84;60;36;Barents Sea;x
1646;43;0;23;Pechora Sea;x
1647;85;3;151;Pechora Sea;x
1648;84;150;51;White Sea;x
1649;168;33;67;Gulf of Venice;x
1650;126;30;194;Adriatic Sea;x
1651;84;210;61;Ligurian Sea;x
1652;84;72;201;Sea of Marmara;x
1653;126;75;74;Black Sea;x
1654;168;78;202;Black Sea;x
1655;0;81;75;Black Sea;x
1656;42;84;203;Black Sea;x
1657;84;87;76;Sea of Azov;x
1658;109;250;102;Baffin Bay;x
1659;163;238;84;Greenland Sea;x
1660;80;205;142;Barents Sea;x
1661;83;133;46;Barents Sea;x
1662;85;99;91;Red Sea;x
1663;127;102;219;Red Sea;x
1664;169;105;92;Red Sea;x
1665;1;108;220;Red Sea;x
1666;1;138;225;Persian Gulf;x
1667;169;135;97;Persian Gulf;x
1668;43;156;128;Laccadive Sea;x
1669;42;9;63;Tyrrhenian Sea;x
1670;42;24;193;Ionian Sea;x
1671;43;135;173;Myrtoan Sea;x
1672;84;42;196;Libyan Sea;x
1673;42;39;68;Dodecanese Sea;x
1674;0;54;35;Aegean Sea;x
1675;0;36;195;Aegean Sea;x
1676;168;48;197;Levantine Sea;x
1677;0;51;70;Levantine Sea;x
1678;126;153;179;Strait of Dover;x
1679;84;90;41;The Wash;x
1680;126;93;169;Dogger-Bank;x
1681;42;87;168;Firth of Forth;x
1682;0;84;40;Moray Firth;x
1683;168;81;167;The Minch;x
1684;84;165;181;Irish Sea;x
1685;42;162;53;St. George's Channel;x
1686;127;117;94;Coast of Somalia;x
1687;42;6;98;Galway Bay;x
1688;126;168;54;Donegal Bay;x
1689;168;156;52;The Channel;x
1690;126;18;29;Channel Islands;x
1691;42;69;73;Cilician Sea;x
1692;126;78;39;Waddenzee;x
1693;0;69;165;North Sea;x
1694;84;105;171;Gulf of Helholland;x
1695;126;63;164;Norwegian Sea;x
1696;42;72;38;North Sea;x
1697;84;75;166;Sea of Shetland;x
1698;168;171;182;Faroya;x
1699;168;51;162;East Coast of Iceland;x
1700;169;171;137;West Coast of Iceland;x
1701;127;168;9;Greenland Sea;x
1702;42;57;163;Norwegian Sea;x
1703;0;99;170;Norwegian Sea;x
1704;43;159;43;Norwegian Sea;x
1705;168;66;37;Norwegian Sea;x
1706;168;36;32;Bretagne Coast;x
1707;42;177;183;Northern Bay of Biscay;x
1708;1;30;220;Coast of Aquitaine;x
1709;169;27;92;Cantabrian Sea;x
1710;0;24;30;Coast of Asturias;x
1711;42;27;158;Bay of Biscay;x
1712;168;21;157;Cabo de Finisterre;x
1713;0;174;55;Celtic Sea;x
1714;42;12;28;Coast of Portugal;x
1715;0;9;155;Gulf of Cadiz;x
1716;84;180;56;Coast of Morocco;x
1717;42;210;153;Sea of Canarias;x
1718;138;186;195;Manx Sea;x
1719;18;113;132;North Channel;x
1720;76;98;139;Greenland Sea;x
1721;69;103;135;Caspian Sea;x
1722;42;42;33;Alboran Sea;x
1723;168;186;57;Alboran Sea;x
1724;42;192;58;Balaeric Sea;x
1725;0;189;185;Balaeric Sea;x
1726;127;24;219;Coast of Algeria;x
1727;84;195;186;Coast of Algeria;x
1728;168;201;187;Gulf of Lion;x
1729;84;12;191;Gulf of Tunis;x
1730;126;15;64;Sea of Sicily;x
1731;127;141;174;Gulf of Gabes;x
1732;168;18;192;Gulf of Sidra;x
1733;85;138;46;Mediterranean Sea;x
1734;126;45;69;Libyan Sea;x
1735;42;54;198;Levantine Sea;x
1736;0;66;200;Levantine Sea;x
1737;169;120;222;Coast of Oman;x
1738;1;123;95;Coast of Oman;x
1739;43;126;223;Coast of Oman;x
1740;1;75;0;Caspian Sea;x
1741;43;78;128;Caspian Sea;x
1742;85;81;1;Caspian Sea;x
1743;0;96;205;Caspian Sea;x
1744;127;84;129;Caspian Sea;x
1745;169;87;2;Caspian Sea;x
1746;127;147;99;Gulf of Khambhat;x
1747;169;150;227;Coast of Mumbai;x
1748;85;189;6;Arabian Sea;x
1749;1;153;0;Laccadive Sea;x
1750;43;186;133;Bay of Bengal;x
1751;1;183;5;Bay of Bengal;x
1752;169;180;132;Bay of Bengal;x
1753;85;174;131;Bay of Bengal;x
1754;43;171;3;Bay of Bengal;x
1755;169;165;2;Bay of Bengal;x
1756;1;168;130;Indian Ocean;x
1757;85;159;1;Laccadive Sea;x
1758;127;162;129;Indian Ocean;x
1759;43;141;98;Arabian Sea;x
1760;126;0;189;Tyrrhenian Sea;x
1761;168;3;62;Tyrrhenian Sea;x
1762;84;27;66;Strait of Otranto;x
1763;5;159;233;Black Sea;x
1764;90;122;104;Suez Canal;x
1765;18;145;250;Gulf of Aden;x
1766;95;132;204;Gulf of Aden;x
1767;6;97;198;Persian Gulf;x
1768;126;83;196;Gulf of Antalya;x
1769;11;52;228;Thracian Sea;x
1770;205;229;236;Skagerrak;x
1771;91;200;186;White Sea;x
1772;0;21;65;Ionian Sea;x
1773;42;207;188;Ligurian Sea;x
1774;126;198;59;Mediterranean Sea;x
1775;43;111;93;Bab al-Mandab Strait;x
1776;85;114;221;Gulf of Aden;x
1777;127;132;224;Strait of Hormuz;x
1778;85;129;96;Gulf of Oman;x
1779;85;144;226;Arabian Sea;x
1780;127;45;174;Gulf of Kutch;x
1781;1;140;201;Laccadive Sea;x
1782;150;215;12;Gulf of Ob;x
1783;105;124;142;Greenland Sea;x
1784;95;122;88;Iberian Shelf;x
1785;126;108;44;Kattegat;x
1786;42;102;43;The Sound;x
1787;168;111;172;Gulf of Gdansk;x
1788;0;114;45;Hano Bay;x
1789;42;117;173;Baltic Sea;x
1790;84;120;46;Sea of Aland;x
1791;0;129;175;Gulf of Bothnia;x
1792;168;126;47;Bay of Bothnia;x
1793;126;123;174;Gulf of Finland;x
1794;140;195;217;Gulf of Aden;x
1795;96;200;121;Volga;x
1796;42;147;93;Don;x
1797;105;217;73;Don;x
1798;15;162;118;Don;x
1799;29;119;4;Don;x
1800;177;210;79;Don;x
1801;208;236;93;Dneiper;x
1802;72;197;141;Dneiper;x
1803;174;247;206;Dneiper;x
1804;123;156;70;Dneiper;x
1805;12;111;96;Dneiper;x
1806;50;167;184;Dneiper;x
1807;140;201;121;Pripyat;x
1808;96;172;68;Volga;x
1809;128;199;130;Volga;x
1810;135;217;82;Volga;x
1811;62;204;131;Volga;x
1812;71;254;144;Volga;x
1813;53;187;131;Volga;x
1814;157;244;3;Volga;x
1815;12;222;41;Volga;x
1816;65;155;75;Volga;x
1817;5;207;98;Volga;x
1818;19;167;75;Volga;x
1819;135;237;2;Rybinsk Lake;x
1820;51;171;139;Volga;x
1821;91;233;119;Volga;x
1822;114;232;28;Oka;x
1823;82;141;151;Oka;x
1824;57;197;225;Oka;x
1825;145;217;62;Kama;x
1826;168;255;81;Kama;x
1827;111;192;12;Kama;x
1828;32;124;205;Kama;x
1829;61;236;77;Lake Onega;x
1830;22;93;96;Lake Beloye;x
1831;102;237;130;Svir;x
1832;146;248;133;Lake Ladoga;x
1833;50;165;84;Volkhov;x
1834;167;250;166;Volkhov;x
1835;111;240;17;Lake Peipus;x
1836;58;245;195;Daugava;x
1837;179;237;188;Daugava;x
1838;35;153;202;North Dvina;x
1839;138;201;203;North Dvina;x
1840;80;185;100;North Dvina;x
1841;201;247;120;Vychegda;x
1842;64;220;174;Mezen;x
1843;33;230;106;Guadalquivir;x
1844;215;83;154;Tagus;x
1845;192;158;53;Garonne;x
1846;2;206;213;Seine;x
1847;28;242;96;Rhine;x
1848;101;155;131;Rhine;x
1849;78;201;213;Kiel Canal;x
1850;33;255;43;Elbe;x
1851;230;161;248;Elbe;x
1852;201;238;253;Elbe;x
1853;175;184;200;Elbe;x
1854;189;25;138;Vistula;x
1855;249;104;226;Vistula;x
1856;127;56;97;Vistula;x
1857;211;96;55;Danube;x
1858;143;48;107;Danube;x
1859;131;31;222;Danube;x
1860;213;65;221;Danube;x
1861;254;62;20;Danube;x
1862;220;26;127;Danube;x
1863;214;91;223;Danube;x
1864;250;50;229;Danube;x
1865;174;28;96;Danube;x
1866;74;82;250;Nile;x
1867;75;177;169;Nile;x
1868;177;104;211;Nile;x
1869;89;229;220;Nile;x
1870;94;192;171;Nile;x
1871;193;217;183;al-Furat;x
1872;118;131;20;al-Furat;x
1873;188;231;67;al-Furat;x
1874;38;183;208;al-Furat;x
1875;87;179;126;al-Furat;x
1876;228;173;133;Chulym;x
1877;90;255;185;Shatt al-Arab;x
1878;145;165;33;Diljah;x
1879;16;121;41;Diljah;x
1880;169;220;51;Diljah;x
1881;129;193;119;Diljah;x
1882;66;94;230;Indus;x
1883;137;176;161;Indus;x
1884;145;230;171;Indus;x
1885;92;202;209;Indus;x
1886;18;236;5;Indus;x
1887;218;253;196;Indus;x
1888;5;178;210;Po;x
1889;196;171;36;Nile;x
1890;74;212;61;Ganges;x
1891;176;229;153;Ganges;x
1892;168;85;178;Ganges;x
1893;213;255;15;Ganges;x
1894;231;96;233;Ganges;x
1895;252;150;35;Ganges;x
1896;195;40;77;Ganges;x
1897;99;162;104;Ganges;x
1898;244;234;119;Ganges;x
1899;243;136;203;Brahmaputra;x
1900;130;216;190;Brahmaputra;x
1901;221;128;13;Brahmaputra;x
1902;230;38;63;Usa;x
1903;36;226;210;Usa;x
1904;189;66;50;Usa;x
1905;37;172;175;Pechora;x
1906;202;211;180;Neva;x
1907;196;192;119;Narva;x
1908;8;215;118;Oder;x
1909;63;205;50;Gota alv;x
1910;169;240;226;Vanern;x
1911;159;252;234;Malaren;x
1912;179;172;233;Ob;x
1913;239;161;228;Ob;x
1914;164;134;167;Ob;x
1915;21;235;253;Ob;x
1916;165;176;13;Ob;x
1917;57;152;248;Tom;x
1918;3;251;228;Ob;x
1919;223;244;47;Ob;x
1920;234;248;241;Irtysh;x
1921;236;194;151;Irtysh;x
1922;140;192;60;Moscow Canal;x
1923;37;140;211;White Sea Canal;x
1924;16;151;181;Belaya;x
1925;1;191;100;Chulym;x
1926;128;148;220;Oka;x
1927;121;197;220;Volga;x
1928;163;240;121;Sura;x
1929;73;247;90;Vyatka;x
1930;5;167;80;Vyatka;x
1931;69;251;183;Damodar;x
1932;164;252;243;Teesta;x
1933;108;246;69;Oder;x
1934;35;238;204;Warta;x
1935;102;208;167;Loire;x
1936;152;169;219;Tisa;x
1937;163;209;162;Tisa;x
1938;236;126;248;Dneister;x
1939;176;214;15;Dneister;x
1940;134;204;158;Desna;x
1941;80;185;225;Madhumati;x
1942;196;237;106;Kurram;x
1943;61;208;218;Sawam;x
1944;229;185;150;Indus;x
1945;121;199;213;Kabul;x
1946;86;200;159;Sabarmati;x
1947;194;58;179;Mahi;x
1948;190;184;110;Narmada;x
1949;232;207;246;Tapi;x
1950;51;85;65;Halat Ammar;x
1951;104;130;115;Tayma;x
1952;45;81;59;Duba;x
1953;45;71;57;Haql;x
1954;68;81;98;Hail;x
1955;73;101;137;Baqaa;x
1956;181;200;166;ash-Shinan;x
1957;46;65;91;al-Khazaiah;x
1958;145;146;119;West Jerusalem;x
1959;204;167;159;al-Quds;x
1960;178;178;161;Tel Aviv;x
1961;177;94;94;Diyarbakir;x
1962;82;83;10;Hof Yehuda;x
1963;167;168;127;Hebron;x
1964;167;199;185;Ramallah;x
1965;191;150;25;Nablus;x
1966;55;56;15;Beersheba;x
1967;107;108;32;Gaza;x
1968;90;92;15;Eilat;x
1969;172;64;143;Bismil;x
1970;194;201;61;Carmel;x
1971;212;220;43;Galil;x
1972;78;165;175;Siverek;x
1973;166;86;85;Beirut;x
1974;215;117;115;Sur;x
1975;218;248;136;Beqaa;x
1976;97;27;25;Saida;x
1977;44;115;25;Adiyaman;x
1978;203;148;146;Baalbek;x
1979;199;103;101;Tarabulus;x
1980;86;39;164;Batman;x
1981;141;45;215;Amman;x
1982;141;113;187;Siirt;x
1983;57;174;88;Bashkale;x
1984;145;167;76;Mush;x
1985;236;103;171;Zarqa;x
1986;193;147;228;Irbid;x
1987;90;192;151;Ushak;x
1988;173;151;190;Mafraq;x
1989;248;152;95;Gulistan;x
1990;77;31;113;Karak;x
1991;54;203;194;Malatya;x
1992;230;80;78;al-Suwar;x
1993;40;11;63;Maan;x
1994;96;27;149;al-Betra;x
1995;73;17;117;Aqaba;x
1996;129;103;174;Shahrisabz;x
1997;206;89;40;Damascus;x
1998;210;110;68;Duma;x
1999;189;103;19;Dara;x
2000;220;123;28;as-Suwayda;x
2001;209;189;170;al-Ladhqiyah;x
2002;230;204;179;Tartus;x
2003;115;51;19;Aleppo;x
2004;89;41;17;Manbij;x
2005;144;62;21;Afrin;x
2006;109;63;20;Kobani;x
2007;102;76;52;Homs;x
2008;93;81;69;Tadmur;x
2009;66;47;30;Hama;x
2010;98;71;45;Idlib;x
2011;202;114;21;Raqqa;x
2012;234;141;42;Dayr az-Zawr;x
2013;227;127;20;al-Hasakah;x
2014;174;102;27;Tell Tamer;x
2015;228;151;70;Qamishli;x
2016;245;162;227;Mamadysh;x
2017;93;59;177;Lyskovo;x
2018;60;95;74;Taif;x
2019;69;107;84;Mahazat as-Said;x
2020;60;126;88;Abha;x
2021;69;141;99;al-Majardah;x
2022;184;254;188;Bisah;x
2023;63;146;23;Baghdad;x
2024;44;109;12;Fallujah;x
2025;65;130;33;Salah ad-Din;x
2026;118;141;17;Samarra;x
2027;66;143;29;Diyala;x
2028;47;117;12;Babil;x
2029;80;156;42;Karbala;x
2030;145;188;124;Ramadi;x
2031;172;205;157;al-Qaim;x
2032;134;165;118;ar-Rutbah;x
2033;158;184;145;an-Najaf;x
2034;127;142;120;al-Muthanna;x
2035;80;80;66;Mosul;x
2036;69;118;38;Tal Afar;x
2037;45;78;23;Sinjar;x
2038;31;51;18;al-Baaj;x
2039;40;76;15;Anah;x
2040;129;231;61;Erbil;x
2041;123;221;58;Sulaymaniyah;x
2042;109;188;57;Kirkuk;x
2043;140;202;97;Dahuk;x
2044;102;194;40;Tel Kayf;x
2045;128;180;28;Shekhan;x
2046;85;146;121;Kutahya;x
2047;40;51;33;Basrah;x
2048;55;70;46;Maysan;x
2049;83;101;72;Dhi Qar;x
2050;48;67;36;al-Qadisiyyah;x
2051;115;142;97;Wasit;x
2052;75;87;68;al-Kut;x
2053;237;98;66;Tiswadi;x #Goa
2054;0;136;15;De Gama;x
2055;107;94;49;Sindhuderg;x #Maharashtra_South_Konkana
2056;70;133;18;Ratnagiri;x
2057;0;50;185;Nava Mumbai;x
2058;67;225;60;Dahanu;x #Maharashtra_North_Konkana
2059;192;248;255;Palghar;x
2060;163;120;49;Damoh;x
2061;188;162;167;Mumbai;x #Maharastra_Mumbai
2062;165;166;108;Kolhapur;x #Maharashtra_Maharashtradesh
2063;139;141;24;Sangali;x
2064;72;181;165;Satara;x
2065;181;72;163;Pune;x #Maharashtra_Pune
2066;78;24;10;Solapur;x
2067;51;99;47;Ahmadnagar;x #Maharashtra_Kandesh
2068;242;244;97;Nashik;x
2069;239;174;174;Dhule;x
2070;105;9;23;Govi Desert;x
2071;39;78;31;Jalgaon;x
2072;208;229;228;Usmanabad;x #Maharastra_Marathawada
2073;173;220;155;Latur;x
2074;119;11;8;Nanded;x
2075;155;161;65;Hingoli;x
2076;2;26;5;Aurangabad;x #Maharashtra_Aurangabad
2077;0;91;95;Jalna;x
2078;39;41;130;Beed;x
2079;169;88;189;Parbani;x
2080;81;167;105;Ankara;x
2081;57;151;199;Sincan;x
2082;40;124;64;Goelbashi;x
2083;106;40;107;Eskishehir;x
2084;137;69;138;Afyonkarahisar;x
2085;152;141;193;Konya;x
2086;49;104;132;Akshehir;x
2087;32;172;201;Cihanbeyli;x
2088;165;123;41;Kirikkale;x
2089;212;161;63;Kirshehir;x
2090;89;60;22;Nevshehir;x
2091;177;120;46;Aksaray;x
2092;84;59;174;Nigde;x
2093;142;115;239;Cankiri;x
2094;65;119;179;Kayseri;x
2095;43;99;162;Yozgat;x
2096;111;156;207;Corum;x
2097;42;77;116;Sivas;x
2098;59;115;179;Sushehri;x
2099;78;122;187;Samsun;x
2100;78;187;104;Amasya;x
2101;83;100;126;Tokat;x
2102;59;92;119;Karabuek;x
2103;178;41;179;Bolu;x
2104;105;115;73;Trabzon;x
2105;40;182;147;Ordu;x
2106;57;132;114;Giresun;x
2107;135;154;77;Guemueshhane;x
2108;101;125;19;Rize;x
2109;194;155;100;Artvin;x
2110;92;68;236;Tunceli;x
2111;156;174;106;Elazig;x
2112;133;216;116;Bingoel;x
2113;112;171;127;Erzurum;x
2114;30;90;45;Horasan;x
2115;94;160;76;Erzincan;x
2116;42;114;175;Kars;x
2117;138;168;132;Igdir;x
2118;83;189;62;Ardahan;x
2119;220;149;219;Tbilisi;x
2120;168;55;164;Bolnisi;x
2121;96;56;92;Gori;x
2122;137;38;134;Samtskhe-Javakheti;x
2123;36;176;211;Kakheti;x
2124;99;199;139;Hereti;x
2125;31;96;113;Mtskheta;x
2126;137;221;131;Gali;x
2127;167;145;86;Samegrelo;x
2128;208;190;161;Imereti;x
2129;153;89;89;Adjara;x
2130;138;116;41;Levashi;x
2131;155;113;86;Khebda;x
2132;186;232;252;Kuytun;x
2133;135;224;5;Ohrid;x
2134;189;119;76;Yerevan;x
2135;139;75;37;Armavir;x
2136;165;119;91;Gegharkunik;x
2137;219;180;137;Shirak;x
2138;182;140;96;Lori;x
2139;218;150;78;Tavush;x
2140;191;152;59;Stepanakert;x
2141;149;120;51;Kashatagh;x
2142;112;84;20;Syunik;x
2143;81;155;154;Absheron;x
2144;49;106;136;Shamakhi;x
2145;69;110;110;Jalilabad;x
2146;93;120;135;Mingachevir;x
2147;84;194;193;Aghjabadi;x
2148;106;90;108;Golan;x
2149;27;145;52;Bilqas;x
2150;124;66;193;Srikakulam;x #Andrha
2151;191;93;158;Vizianagaram;x
2152;106;228;91;Visakhapatnam;x
2153;94;131;158;Malkangiri;x
2154;216;86;54;Proddatur;x
2155;147;218;19;Adoni;x
2156;19;216;62;Kurnool;x
2157;112;160;57;Nandyal;x
2158;216;162;54;Kadapa;x
2159;124;66;44;Rajampet;x
2160;165;90;89;Madanapalle;x
2161;175;0;1;Tirupati;x
2162;211;16;16;Chittoor;x
2163;243;91;64;Pavagada;x
2164;160;91;64;Kalyandurg;x
2165;242;79;101;Anantapur;x
2166;163;125;51;Dharmavaram;x
2167;147;73;38;Kadiri;x
2168;216;87;180;;x
2169;160;151;56;Nellore;x
2170;211;193;88;Kavali;x
2171;226;12;12;;x
2172;160;130;160;Kandukur;x
2173;188;15;15;;x
2174;216;56;133;Markapur;x
2175;163;50;112;Amalapuram;x
2176;173;139;65;Rampachodavarm;x
2177;144;196;60;Eluru;x
2178;118;190;191;Vijayawada;x
2179;63;140;56;Guntur;x
2180;155;70;34;Machilipatnam;x
2181;95;135;133;Belagavi;x #Karnataka
2182;170;66;94;Bengaluru;x
2183;181;91;0;Mysuru;x
2184;221;147;172;;x
2185;206;80;84;Kalaburagi;x
2186;94;193;48;Ballari;x
2187;104;7;6;Vijayapura;x
2188;100;0;119;Dakshina Kannada;x
2189;58;62;188;Davanagere;x
2190;140;103;10;Raichur;x
2191;215;97;6;Bagalkote;x
2192;109;66;187;Dharwad;x
2193;187;193;255;Mandya;x
2194;100;131;255;Hassan;x
2195;58;184;188;Shivamogga;x
2196;178;83;0;Bidar;x
2197;181;147;190;Chitradurga;x
2198;58;106;97;Haveri;x
2199;232;48;64;Kolar;x
2200;69;189;17;Uttara Kannada;x
2201;75;140;10;Koppal;x
2202;172;109;64;Chikkalballapura;x
2203;200;0;162;Udupi;x
2204;135;43;41;Yadgir;x
2205;135;72;41;Chikkamagaluru;x
2206;255;66;187;Ramanagara;x
2207;0;78;6;Gadag;x
2208;211;172;0;Chamarajanagara;x
2209;140;181;0;Kodagu;x
2210;125;221;255;Chennai;x
2211;100;203;189;Kanchipuram;x
2212;86;211;255;Puducherry;x
2213;166;232;255;Tiruvannamalai;x
2214;10;213;255;Vellore;x
2215;10;191;255;Kallakurichi;x
2216;171;233;255;Cuddalore;x
2217;30;111;144;Ariyalur;x
2218;204;242;255;Krishnagiri;x
2219;152;244;173;Salem;x
2220;123;214;248;Namakkal;x
2221;227;81;79;;x
2222;3;186;255;Nagapattinam;x
2223;189;23;54;;x
2224;212;243;255;Thanjavur;x
2225;23;33;207;Pudukkottai;x
2226;33;217;223;Tiruchirappalli;x
2227;0;185;255;Ramanathapuram;x
2228;105;142;217;Madurai;x
2229;73;122;153;Dindigul;x
2230;225;4;7;;x
2231;5;176;255;Coimbatore;x
2232;83;205;243;Virudhunagar;x
2233;175;197;232;Thoothukudi;x
2234;207;235;244;Tirunelveli;x
2235;219;123;175;Kanyakumari;x
2236;134;2;176;Thiruvananthapuram;x
2237;131;85;145;Kollam;x
2238;113;0;149;Alappuzha;x
2239;195;41;169;Kottayam;x
2240;218;77;209;Idukki;x
2241;139;115;147;Ernakulam;x
2242;142;61;168;Thrissur;x
2243;46;140;134;Palakkad;x
2244;77;206;255;Nilgiris;x
2245;127;1;168;Malappuram;x
2246;168;138;177;Kozhikode;x
2247;167;180;178;Kannur;x
2248;151;80;174;Kasaragod;x
2249;255;63;0;Jaffna;x
2250;255;235;228;Trincomalee;x
2251;255;143;104;Anuradhapura;x
2252;193;10;246;Puttalam;x
2253;255;121;75;Kurunegala;x
2254;194;151;116;Vavuniya;x
2255;171;89;94;Colombo;x
2256;226;149;155;Sabaragamuwa;x
2257;255;169;140;Matara;x
2258;186;98;147;Kandy;x
2259;164;75;14;Pakur;x
2260;216;62;79;Batticaloa;x
2261;0;234;89;Suryapet;x
2262;172;200;152;Mahbubnagar;x
2263;145;160;72;Hyderabad;x
2264;37;124;56;Medak;x
2265;117;214;127;Nizamabad;x
2266;17;166;0;Mancherial;x
2267;13;214;127;Karimnagar;x
2268;49;96;43;Warangal;x
2269;19;132;93;Khammam;x
2270;219;150;172;;x
2271;192;23;52;;x
2272;222;150;175;;x
2273;189;28;52;;x
2274;155;105;88;;x
2275;219;155;175;;x
2276;236;250;255;Erode;x
2277;255;203;185;Uva;x
2278;27;46;56;Shaki;x
2279;150;150;217;Ganja;x
2280;77;77;158;Shamkir;x
2281;102;102;153;Qazakh;x
2282;181;182;111;Tabriz;x
2283;173;175;71;Maragheh;x
2284;167;169;80;Marand;x
2285;223;224;175;Ahar;x
2286;120;121;76;Miyaneh;x
2287;204;146;84;Urmiya;x
2288;182;114;41;Khoy;x
2289;199;154;105;Bukan;x
2290;115;92;69;Nakhchivan;x
2291;162;165;67;Ardabil;x
2292;211;215;110;Parsabad;x
2293;155;131;84;Zanjan;x
2294;195;155;76;Khodabandeh;x
2295;214;88;110;Noyabrsk;x
2296;166;1;84;Nadym;x
2297;138;124;165;Novy Urengoy;x
2298;201;248;127;Tazovsky;x
2299;95;160;241;Krasnoselkup;x
2300;30;213;215;Turukhansk;x
2301;193;237;53;Norilsk;x
2302;59;199;48;Yeniseyskiy Zaliv;x
2303;152;177;250;Yeniseysky;x
2304;191;227;81;Bakhta;x
2305;227;177;4;Kermanshah;x
2306;153;139;34;Sonqor;x
2307;214;194;122;Sarpol-e Zahab;x
2308;170;187;7;Ahvaz;x
2309;214;183;90;Abadan;x
2310;186;209;94;Behbahan;x
2311;226;177;36;Dasht-e Azadegan;x
2312;179;186;110;Dezful;x
2313;106;112;43;Izeh;x
2314;214;212;45;Ilam;x
2315;187;186;80;Dehloran;x
2316;201;221;141;Khorramabad;x
2317;224;221;139;Dorud;x
2318;176;171;28;Borujerd;x
2319;248;247;157;Sanandaj;x
2320;214;220;54;Saqqez;x
2321;254;228;30;Qorveh;x
2322;21;139;29;Tehran;x
2323;176;205;76;Damavand;x
2324;80;195;87;Ray;x
2325;142;227;66;Alborz;x
2326;50;130;25;Qazvin;x
2327;60;88;51;Takestan;x
2328;79;162;60;Babol;x
2329;78;185;139;Bandar-e Anzali;x
2330;103;142;167;Gonbad-e Kavus;x
2331;194;224;179;Semnan;x
2332;101;109;73;Garmsar;x
2333;59;93;172;Shahrud;x
2334;48;177;157;Isfahan;x
2335;62;92;87;Lenjan;x
2336;77;132;123;Najafabad;x
2337;167;72;181;Golpayegan;x
2338;97;141;85;Kashan;x
2339;28;56;180;Ardestan;x
2340;65;23;71;Shahr-e Kord;x
2341;61;133;193;Lordegan;x
2342;126;139;199;Yazd;x
2343;31;62;76;Meybod;x
2344;53;143;180;Abarkuh;x
2345;47;95;205;Kerman;x
2346;241;95;116;Zarand;x
2347;212;72;201;Rafsanjan;x
2348;51;180;151;Sirjan;x
2349;33;73;107;Jiroft;x
2350;45;127;45;Qom;x
2351;36;44;143;Saveh;x
2352;144;150;187;Bay of Bengal;x
2353;173;184;170;Palar;x
2354;97;111;220;Penna;x
2355;4;241;181;Krishna;x
2356;80;185;218;Godavari;x
2357;170;253;105;Godavari;x
2358;35;173;201;Mahanadi;x
2359;67;241;110;Tel;x
2360;141;223;190;Mahanadi;x
2361;161;78;147;Ravi;x
2362;190;180;40;Ravi;x
2363;79;163;32;Jhelam;x
2364;246;126;156;Chenab;x
2365;110;229;113;Chenab;x
2366;32;159;111;Chenab;x
2367;171;83;100;Chambal;x
2368;191;135;59;Chambal;x
2369;245;107;155;Yamuna;x
2370;99;243;252;Yamuna;x
2371;119;218;29;Yamuna;x
2372;21;243;36;Kollidam;x
2373;175;179;201;Betwa;x
2374;17;210;70;Betwa;x
2375;96;241;189;Yamuna;x
2376;191;200;91;Son;x
2377;210;234;50;Son;x
2378;58;128;58;Pranhita;x
2379;198;135;162;Ghaghara;x
2380;211;206;41;Ghaghara;x
2381;31;179;140;Ghaghara;x
2382;139;152;229;Gandak;x
2383;211;81;84;Kosi;x
2384;129;223;248;Brahmaputra;x
2385;76;176;131;Brahmaputra;x
2386;82;226;248;Meghna;x
2387;134;235;219;Hooghly;x
2388;216;134;215;Hooghly;x
2389;36;247;161;Sea of Galilee;x
2390;191;242;50;Aydar Lake;x
2391;16;238;198;Balaton;x
2392;174;240;244;Bodensee;x
2393;222;202;255;Bosten Lake;x
2394;90;248;62;Bratsk;x
2395;102;203;222;Dead Sea;x
2396;211;198;98;Ebi Lake;x
2397;173;223;218;Aral Sea;x
2398;31;244;61;Garabogazkol;x
2399;135;194;82;Hulun Lake;x
2400;193;207;166;Issyk Kul;x
2401;160;235;102;Iznik Lake;x
2402;89;198;163;Kairakum;x
2403;243;240;144;Kapshagay;x
2404;240;190;159;Khar-Us Lake;x
2405;97;241;192;Khovsgol Lake;x
2406;59;217;68;Khyargas Lake;x
2407;206;191;189;Lake Alakol;x
2408;158;198;165;Lake Baikal;x
2409;222;244;186;Lake Balkhash;x
2410;160;216;97;Lake Baysehir;x
2411;105;177;187;Lake Geneva;x
2412;65;210;145;Lake Kulundinskoye;x
2413;246;210;6;Lake Markakol;x
2414;126;254;114;Lake Ohrid;x
2415;9;232;71;Lake Prespa;x
2416;171;243;222;Lake Sasykkol;x
2417;86;237;177;Lake Sevan;x
2418;220;224;24;Lake Skadar;x
2419;42;181;146;Lake Tana;x
2420;136;170;176;Lake Tchad;x
2421;136;181;121;Lake Tengiz;x
2422;13;209;98;Lake Urmia;x
2423;50;197;183;Lake Van;x
2424;239;184;220;Lake Zaysan;x
2425;66;204;235;Lough Neagh;x
2426;147;244;179;Mingechevir;x
2427;2;209;45;Ozero Chany;x
2428;30;209;53;Ozero Ubinskoye;x
2429;124;243;238;Qinghai Lake;x
2430;242;186;161;Rann of Kutch Lake;x
2431;191;234;206;Sarygamysh Lake;x
2432;237;219;108;Sayram Lake;x
2433;14;177;102;Seletyteniz;x
2434;186;204;74;Shardara;x
2435;207;248;196;Song-Kul;x
2436;98;130;253;Syvash Lake;x
2437;106;220;246;Therthar Lake;x
2438;92;239;72;Tuz Lake;x
2439;84;213;244;Ulunger Lake;x
2440;201;254;8;Uvs Lake;x
2441;17;130;161;Vattern;x
2442;2;243;236;Shadegan Ponds;x
2443;8;218;246;Rihand;x
2444;8;99;139;Lop Nor;x
2445;152;246;111;Chott Melrhir;x
2446;183;204;244;Chott el Djerid;x
2447;36;87;42;Urals;x
2448;4;32;174;Scandes;x
2449;69;9;160;Tian Shan;x
2450;31;33;37;Thar Desert;x
2451;2;20;134;Tian Shan;x
2452;114;167;249;Siberia;x
2453;76;34;103;Sudan;x
2454;8;47;88;Hindu-Kush Mountains;x
2455;54;28;131;Karakum Desert;x
2456;55;53;28;Karakum Desert;x
2457;113;74;116;Kyzylkum Desert;x
2458;120;4;10;Takla Makan Desert;x
2459;52;66;252;North Ustyurt;x
2460;9;6;185;Lut Desert;x
2461;80;12;165;Rigestan Desert;x
2462;53;35;108;Kharan Desert;x
2463;55;54;234;Caucasus Mountains;x
2464;4;21;209;Siberia;x
2465;38;95;119;Betpak-Dala;x
2466;54;54;240;Sayan Mountains;x
2467;9;44;208;Siberia;x
2468;33;28;151;Ural;x
2469;61;61;67;Ban Ganga;x
2470;82;34;241;Yamal;x
2471;14;53;190;Siberia;x
2472;38;51;247;Siberia;x
2473;11;71;154;Rub al Khali;x
2474;7;20;235;Scandes;x
2475;92;10;202;Gyda;x
2476;66;16;29;Carpathians;x
2477;15;70;134;Greenland;x
2478;5;3;190;Sahara Desert;x
2479;93;97;71;Thar Desert;x
2480;38;40;181;Betpak-Dala;x
2481;99;19;56;Novaya Zemlya;x
2482;31;19;25;Far East;x
2483;158;178;66;Arak;x
2484;106;45;104;Western Sahara;x
2485;175;80;48;Guinea;x
2486;108;98;21;Mali;x
2487;189;51;85;Chad;x
2488;35;23;130;Sayan Mountains;x
2489;68;29;87;Pamir Mountains;x
2490;78;15;44;Himalayas;x
2491;53;214;197;Hamadan;x
2492;47;56;169;Sayan Mountains;x
2493;162;108;178;Qattara Depression;x
2494;178;137;142;Western Desert;x
2495;178;92;165;Western Desert;x
2496;27;52;39;Syrian Desert;x
2497;76;38;68;Eastern Desert;x
2498;73;165;63;Kabudarahang;x
2499;18;82;156;Vatnajokull;x
2500;115;87;184;Kavir Desert;x
2501;26;14;65;Arabian Desert;x
2502;64;26;26;Caucasus Mountains;x
2503;56;16;158;Kavir Desert;x
2504;224;47;47;Shiraz;x
2505;177;0;0;Kazerun;x
2506;205;66;66;Khorrambid;x
2507;121;40;40;Marvdasht;x
2508;45;130;92;Boyer-Ahmad;x
2509;119;104;90;Jahrom;x
2510;158;48;48;Fasa;x
2511;229;178;147;Darab;x
2512;163;92;49;Larestan;x
2513;76;50;34;Lamerd;x
2514;147;58;91;Bushehr;x
2515;213;48;110;Dashti;x
2516;65;23;72;Bandar Abbas;x
2517;129;77;138;Bandar Lengeh;x
2518;156;39;89;Minab;x
2519;236;56;133;Jask;x
2520;188;51;117;Khovsgol Nuur;x
2521;114;146;227;Nalut;x
2522;28;95;88;Ghardaia;x
2523;122;194;147;Ouargla;x
2524;254;161;113;Laayoune;x
2525;170;186;224;Bechar;x
2526;1;105;39;Adrar;x
2527;30;113;243;El Menia;x
2528;124;189;230;Ain Salah;x
2529;35;248;192;Touggourt;x
2530;183;229;106;Bordj Omar Driss;x
2531;150;160;116;Tindouf;x
2532;227;243;236;Ghat;x
2533;102;152;73;Djanet;x
2534;172;166;10;Tamanrasset;x
2535;171;155;201;Illizi;x
2536;36;43;54;Sahara Desert;x
2537;35;6;243;Sahara Desert;x
2538;74;6;27;Sahara Desert;x
2539;73;16;184;Sahara Desert;x
2540;177;196;91;Jalu;x
2541;229;120;59;Qeshm;x
2542;48;16;50;Baikal Range;x
2543;171;138;104;Dakhla;x
2544;189;145;88;Zouerat;x
2545;231;176;143;Tifariti;x
2546;245;233;164;Kufra;x
2547;221;87;228;Murzuq;x
2548;238;172;179;Boguchany;x
2549;149;165;184;Muya;x
2550;233;247;186;Bauntovsky;x
2551;180;173;141;Agin-Buryat;x
2552;178;187;34;El Ouata;x
2553;39;29;38;Barguzin Range;x
2554;54;26;153;Urals;x
2555;76;57;34;Karakum Desert;x
2556;202;152;74;Torbat-e Jam;x
2557;212;48;44;Taybad;x
2558;188;202;74;Torbat-e Heydarieh;x
2559;96;106;33;Nishapur;x
2560;150;128;61;Quchan;x
2561;74;59;21;Kashmar;x
2562;222;167;20;Sabzevar;x
2563;23;22;97;Birjand;x
2564;78;77;146;Ferdows;x
2565;104;103;167;Nehbandan;x
2566;40;89;109;Maneh va Samalqan;x
2567;253;130;80;Ejin;x
2568;99;186;207;Hulunbuir;x
2569;228;136;221;Sonid;x
2570;116;146;190;Matad;x
2571;255;143;80;Bayannur;x
2572;54;126;96;Alxa;x
2573;26;34;69;Govi Desert;x
2574;2;27;77;Badain Jaran Desert;x
2575;16;56;25;Khentei-Daur Highlands;x
2576;145;70;50;Shardara;x
2577;230;54;56;Otyrar;x
2578;31;173;15;Bayganin;x
2579;215;198;106;Killa Saifullah;x
2580;198;237;141;Zhob;x
2581;23;76;41;Loralai;x
2582;77;86;16;Chagai;x
2583;158;174;53;Nushki;x
2584;238;225;86;Kharan;x
2585;162;179;45;Washuk;x
2586;86;91;35;Kalat;x
2587;29;95;49;Khuzdar;x
2588;61;116;78;Lasbela;x
2589;130;199;134;Awaran;x
2590;61;111;67;Kech;x
2591;46;210;64;Panjgur;x
2592;98;94;50;Chabahar;x
2593;218;205;55;Nikshahr;x
2594;56;71;30;Iranshahr;x
2595;135;125;17;Saravan;x
2596;49;132;58;Bam;x
2597;137;198;145;Anbarabad;x
2598;141;200;39;Zahedan;x
2599;106;197;116;Zabol;x
2600;112;141;61;Khash;x
2601;124;99;124;;x
2602;18;217;103;Sialkot;x
2603;153;172;64;Gujranwala;x
2604;210;150;61;Faisalabad;x
2605;168;110;156;;x
2606;63;169;219;;x
2607;48;76;248;;x
2608;234;183;26;;x
2609;188;20;51;;x
2610;154;76;95;;x
2611;207;169;123;;x
2612;128;239;60;;x
2613;189;237;38;;x
2614;91;149;4;;x
2615;164;157;84;;x
2616;100;21;30;Muzaffargarh;x
2617;87;207;164;;x
2618;235;157;247;Toba Tek Singh;x
2619;193;217;95;;x
2620;198;71;44;Lahore;x
2621;229;101;78;Sahiwal;x
2622;130;230;161;Khanewal;x
2623;67;24;121;Multan;x
2624;210;89;95;Bahawalnagar;x
2625;109;249;60;Yazman;x
2626;81;162;12;Khanpur;x
2627;69;84;133;Serxu;x
2628;198;109;172;Maqen;x
2629;115;161;1;Yinchuan;x
2630;116;129;48;Maladzyechna;x
2631;206;248;14;Komarom-Esztergom;x
2632;40;121;44;Vas;x
2633;126;53;169;Bardhaman;x
2634;10;204;189;Rajshahi;x
2635;13;115;48;Bogura;x
2636;107;64;207;Sylhet;x
2637;245;161;8;Kishoreganj;x
2638;248;50;93;Kolkata;x
2639;69;160;184;Krishnanagar;x
2640;69;105;185;Berhampore;x
2641;0;153;3;Barishal;x
2642;191;84;1;Madaripur;x
2643;238;125;52;Dhaka;x
2644;141;37;45;Tangail;x
2645;103;49;56;Jamalpur;x
2646;233;85;17;Khulna;x
2647;198;20;78;Jhenaidah;x
2648;79;0;192;Chattogram;x
2649;117;77;0;Chandpur;x
2650;0;237;130;Agartala;x
2651;174;188;223;Heves;x
2652;131;27;143;Malda;x
2653;244;242;94;Purnia;x
2654;50;96;184;Madhepura;x
2655;140;165;101;Naugachhira;x
2656;5;168;133;Rangpur;x
2657;211;31;31;Patna;x
2658;121;226;89;Bhagalpur;x
2659;154;167;102;Gaya;x
2660;31;151;2;Miedzyrzecz;x
2661;39;100;65;Tathlith;x
2662;55;114;80;Khamis Mushait;x
2663;24;90;52;Ahad Rafidah;x
2664;50;200;114;al-Bahah;x
2665;87;228;147;al-Qunfudhah;x
2666;40;219;116;Ranyah;x
2667;61;201;120;Turubah;x
2668;8;55;28;Rabigh;x
2669;8;80;38;al-Mahd;x
2670;9;70;35;Badr;x
2671;20;101;54;al-Faqirah;x
2672;85;194;131;Medina;x
2673;55;206;118;al-Ula;x
2674;71;170;112;Yanbu;x
2675;53;164;100;al-Hinakiyah;x
2676;42;197;107;Khaybar;x
2677;24;215;104;Umluj;x
2678;58;189;113;al-Wajh;x
2679;69;107;85;Tabuk;x
2680;206;118;139;Tasiilaq;x
2681;243;137;50;Svalbard;x
2682;67;70;97;Outer Svalbard;x
2683;219;121;121;;x
2684;41;116;99;Coqen;x
2685;37;170;125;Gerze;x
2686;21;179;26;Gar;x
2687;78;127;31;Gegyai;x
2688;21;86;14;Rutog;x
2689;157;237;101;Samzhubze;x
2690;181;181;108;Zhongba;x
2691;102;33;139;Ngamring;x
2692;32;75;172;Lhaze;x
2693;86;169;109;Nyalam;x
2694;202;138;148;Tingri;x
2695;204;115;134;Sagya;x
2696;45;101;58;Gyangze;x
2697;115;128;26;Nedong;x
2698;185;68;170;Nagarze;x
2699;252;112;13;Gonggar;x
2700;253;44;227;Lhunze;x
2701;110;216;151;Doilungdeqen;x
2702;94;171;36;Lhasa;x
2703;180;46;118;Nyima;x
2704;60;131;71;Baingoin;x
2705;36;160;71;Seni;x
2706;47;222;133;Biru;x
2707;111;128;37;Baqen;x
2708;43;210;182;Bayi;x
2709;220;71;198;Bome;x
2710;147;60;62;Shuanghu;x
2711;195;135;135;Golmud;x
2712;187;136;53;Da Qaidam;x
2713;242;177;131;Delingha;x
2714;153;108;142;Dulan;x
2715;177;63;110;Haibei;x
2716;161;199;85;Hainan;x
2717;141;94;206;Yushu;x
2718;178;228;70;Chindu;x
2719;183;108;118;Zadoi;x
2720;126;73;222;Xining;x
2721;78;189;127;Dunhuang;x
2722;243;71;88;Karuo;x
2723;52;142;21;Dengqen;x
2724;196;179;164;Lhorong;x
2725;73;159;89;Aksai Chin;x
2726;69;80;150;Zhangye;x
2727;92;66;56;Srinagar;x
2728;144;17;2;Jammu;x
2729;105;159;7;Baxoi;x
2730;25;123;140;Zayu;x
2731;148;37;151;Tanggula;x
2732;173;174;138;Luobu Po;x
2733;76;34;30;Myanmar;x
2734;6;19;52;China;x
2735;104;20;131;Chantang;x
2736;158;142;172;Road to China;x
2737;206;177;253;Leh;x
2738;247;241;102;Sudurpashchim;x
2739;8;180;177;Lumbini;x
2740;254;132;148;Gandaki;x
2741;250;115;108;Bagmati;x
2742;174;1;121;Biratnagar;x
2743;253;136;30;Thimphu;x
2744;19;139;190;Trashigang;x
2745;89;7;214;Tezpur;x
2746;224;165;161;Chapakhowa;x
2747;155;158;116;Dibrugarh;x
2748;50;114;152;Nalbari;x
2749;86;216;246;Cooch Behar;x
2750;127;105;100;Badakhshan;x
2751;251;193;128;Garze;x
2752;180;87;71;Baiyu;x
2753;136;41;239;Gade;x
2754;222;123;8;Baotou;x
2755;233;219;147;Xilinhot;x
2756;230;203;177;Ujimqin;x
2757;95;178;24;Barag;x
2758;20;155;214;Lahaul and Spiti;x
2759;122;114;147;Shimla;x
2760;190;108;182;Palampur;x
2761;125;12;132;Dehradun;x
2762;129;204;117;Haldwani;x
2763;10;134;131;Karnali;x
2764;102;139;15;Huangnan;x
2765;223;92;164;Sikkim;x
2766;211;166;255;Nuristan;x
2767;234;175;67;Malakand;x
2768;188;174;8;Hazara;x
2769;68;171;39;Mardan;x
2770;196;94;9;Muzaffarabad;x
2771;192;188;142;Jorhat;x
2772;132;170;24;Nagaon;x
2773;122;199;65;;x
2774;114;30;107;Imphal;x
2775;187;213;94;Aizawl;x
2776;111;5;209;Santhal Pargana;x
2777;167;241;209;Lucknow;x
2778;135;187;217;Kanpur;x
2779;149;85;69;Lakhimpur;x
2780;93;166;144;Moradabad;x
2781;99;186;212;Bareilly;x
2782;168;241;185;Bahraich;x
2783;87;102;208;Gorakhpur;x
2784;141;225;101;Siwan;x
2785;105;158;66;Arrah;x
2786;37;97;170;Motihari;x
2787;186;174;136;Darbhanga;x
2788;73;56;161;Varanasi;x
2789;125;172;104;Ballia;x
2790;127;223;251;Sultanpur;x
2791;49;240;61;Prayagraj;x
2792;147;122;53;Banda;x
2793;205;245;221;Unnao;x
2794;122;173;5;Mirzapur;x
2795;174;69;119;Singrauli;x
2796;235;195;137;Farrukhabad;x
2797;128;161;224;Mathura;x
2798;205;221;179;Agra;x
2799;155;141;232;Faridabad;x
2800;228;146;252;Delhi;x
2801;134;155;18;Ghaziabad;x
2802;158;120;80;Meerut;x
2803;231;185;28;Bhiwani;x
2804;117;187;249;Aligarh;x
2805;200;171;99;Raebareli;x
2806;161;71;71;;x
2807;55;126;194;Janakpur;x
2808;192;196;235;Daltonpanj;x
2809;232;93;13;Rampurhat;x
2810;201;172;95;Kharagpur;x
2811;202;201;0;Purulia;x
2812;93;115;170;Bhubaneswar;x
2813;220;173;97;Cuttack;x
2814;228;103;161;Sidhi;x
2815;196;77;20;Jalaun;x
2816;198;195;247;Gwalior;x
2817;95;171;131;Jhansi;x
2818;13;244;205;Dhanbad;x
2819;94;90;119;Hazaribagh;x
2820;125;139;154;Jamshedpur;x
2821;184;225;167;Gumla;x
2822;69;87;127;Chandauli;x
2823;74;94;54;Samastipur;x
2824;154;66;77;Chandigarh;x
2825;143;203;6;Ludhiana;x
2826;122;8;97;Jalandhar;x
2827;47;138;207;Amritsar;x
2828;208;152;52;Sri Muktsar Sahib;x
2829;118;45;233;Bathinda;x
2830;217;103;225;Faridkot;x
2831;154;129;107;Sirsa;x
2832;196;72;48;Panipat;x
2833;204;8;192;Kurukshetra;x
2834;195;201;32;Sri Ganganagar;x
2835;161;141;93;Ranikhet;x
2836;122;240;94;Baripada;x
2837;147;160;73;Bhadrak;x
2838;84;142;44;Angul;x
2839;242;255;162;Jharsuguda;x
2840;170;217;112;Sundergarh;x
2841;143;6;22;Bilaspur;x
2842;184;10;112;Shahdol;x
2843;119;99;231;Surajpur;x
2844;78;137;178;Balrampur;x
2845;251;146;203;Raipur;x
2846;142;250;103;Dhamtari;x
2847;47;147;103;Durg;x
2848;130;171;213;Mahasamund;x
2849;187;129;180;Korba;x
2850;86;133;252;Bargarh;x
2851;86;160;241;Balangir;x
2852;81;162;176;Rayaganda;x
2853;190;244;5;Brahmapur;x
2854;200;229;252;Kalahandi;x
2855;229;118;207;Jeypore;x
2856;146;90;88;;x
2857;167;104;37;Bijapur;x
2858;119;114;39;Bastar;x
2859;36;120;84;Kondagaon;x
2860;237;243;191;Kanker;x
2861;204;142;122;Gadchiroli;x
2862;170;26;180;Nagpur;x
2863;155;92;21;Gondia;x
2864;220;148;166;Chandrapur;x
2865;95;106;180;Yavatmal;x
2866;171;131;255;Amravati;x
2867;109;210;32;Akola;x
2868;57;51;245;Budaun;x
2869;99;165;245;Bulandshahr;x
2870;59;110;95;Haldia;x
2871;208;127;15;Coxs Bazar;x
2872;119;208;223;Gurugram;x
2873;247;49;122;Neemuch;x
2874;195;145;172;Shivpuri;x
2875;137;35;61;Baran;x
2876;183;68;180;Bundi;x
2877;120;228;21;Sheopur;x
2878;161;177;11;Indore;x
2879;124;153;182;Bhopal;x
2880;209;212;47;Biaora;x
2881;246;97;136;Guna;x
2882;247;222;214;Sagar;x
2883;103;85;214;Tikamgahr;x
2884;42;188;238;Jabalpur;x
2885;232;171;212;Katni;x
2886;237;154;65;Dindori;x
2887;94;148;221;Chhatarpur;x
2888;214;168;18;Khandwa;x
2889;146;200;176;Barwani;x
2890;233;205;153;Dhar;x
2891;41;103;112;Ratlam;x
2892;171;182;209;Chhindwara;x
2893;210;202;80;Betul;x
2894;153;194;153;Hoshangabad;x
2895;246;106;82;Vidisha;x
2896;176;156;89;Sawai Madhopur;x
2897;198;39;44;Karauli;x
2898;216;142;76;Gangapur;x
2899;57;180;107;Jaipur;x
2900;86;93;38;Alwar;x
2901;0;81;251;Bikaner;x
2902;3;74;119;Nagapur;x
2903;24;118;139;Sikar;x
2904;23;168;150;Churu;x
2905;89;222;217;Jodhpur;x
2906;109;47;200;Ajmer;x
2907;214;255;129;Bhilwara;x
2908;242;104;170;Udaipur;x
2909;36;192;245;Banswara;x
2910;199;102;20;Sirohi;x
2911;121;111;161;Barmer;x
2912;222;132;186;Pali;x
2913;67;116;211;Chittaurgarh;x
2914;149;192;107;Firozabad;x
2915;116;17;59;;x
2916;101;98;198;Sambalpur;x
2917;70;105;190;Satna;x
2918;136;244;87;Narsinghpur;x
2919;196;91;140;Hamirpur;x
2920;240;98;80;Siliguri;x
2921;18;67;217;Guhwahati;x
2922;227;189;199;Lahkimpur;x
2923;218;143;187;Shillong;x
2924;110;78;179;Kendujhar;x
2925;184;23;49;;x
2926;132;87;114;;x
2927;132;216;27;;x
2928;163;184;152;;x
2929;181;23;114;;x
2930;71;220;204;Jhalawar;x
2931;232;47;71;Lashkargah;x
2932;17;165;116;Farah;x
2933;221;139;40;Ghor;x
2934;106;207;183;Sar-i-Pol;x
2935;208;35;106;Zabul;x
2936;29;95;123;Uruzgan;x
2937;51;151;212;Bamyan;x
2938;121;157;182;Daykundi;x
2939;153;55;31;Paktika;x
2940;228;251;27;Samangan;x
2941;196;229;160;Ghazni;x
2942;82;238;168;Wardak;x
2943;65;202;13;Loya Paktia;x
2944;212;53;238;Parwan;x
2945;94;24;70;Bayan Mountains;x
2946;31;51;160;Hindu Kush Mountains;x
2947;69;37;205;Torkestan Mountains;x
2948;5;3;241;Sulaiman Mountains;x
2949;193;98;129;;x
2950;93;138;51;Shindand;x
2951;161;204;187;Opava;x
2952;75;77;204;Beskidenland;x
2953;58;217;97;Trebinje;x
2954;150;150;153;Bheri;x
2955;183;90;126;Mongla;x
2956;101;173;222;Gangti;x
2957;236;23;68;Jalpaiguri;x
2958;179;26;206;;x
2959;59;100;217;Lakhisarai;x
2960;172;172;212;Bankura;x
2961;128;228;198;Cumilla;x
2962;30;248;176;Tura;x
2963;222;52;234;Chaibasa;x
2964;111;47;246;Padrauna;x
2965;19;113;62;Surguja;x
2966;130;92;199;Ranchi;x
2967;201;192;93;Azamgarh;x
2968;159;81;5;Giridih;x
2969;96;230;173;Pabna;x
2970;80;242;67;Trongsa;x
2971;217;218;46;Hojai;x
2972;236;113;49;Mokokchung;x
2973;66;42;218;Bandarban;x
2974;60;129;42;Faridpur;x
2975;166;175;67;Kannauj;x
2976;66;93;176;Panna;x
2977;20;102;30;Nayagarh;x
2978;62;127;247;Kandhamal;x
2979;122;112;92;Bijnor;x
2980;78;115;191;Shahjahanpur;x
2981;94;14;66;Basti;x
2982;227;130;108;Pratapgarh;x
2983;225;81;23;Saharanpur;x
2984;67;160;81;Kameng;x
2985;254;22;63;Raigarh;x
2986;66;200;224;Mungeli;x
2987;117;179;96;Jashpur;x
2988;182;197;146;Nabarangpur;x
2989;182;150;239;Rewa;x
2990;23;194;232;Nawada;x
2991;181;200;213;Morena;x
2992;206;133;75;Buldhana;x
2993;198;171;143;Jhabua;x
2994;246;118;89;Wardha;x
2995;96;54;240;Uttarkashi;x
2996;95;9;60;Bongaigaon;x
2997;205;113;48;Durgapur;x
2998;218;135;153;Sitapur;x
2999;158;53;165;Gonda;x
3000;207;16;16;Mayurbhanj;x
3001;202;197;157;Lohardaga;x
3002;220;139;181;Chatra;x
3003;67;243;50;Rohtas;x
3004;71;32;230;Rohtak;x
3005;3;201;5;Hisar;x
3006;172;75;142;Hanumangarh;x
3007;204;53;131;Etawah;x
3008;219;29;27;Kota;x
3009;86;119;9;Mymensingh;x
3010;204;158;88;Sreemangal;x
3011;27;192;58;Hailakandi;x
3012;144;198;113;Churachandpur;x
3013;41;108;223;Lunglei;x
3014;19;237;95;Sangrur;x
3015;176;117;244;Seoni;x
3016;216;140;223;Khargone;x
3017;119;237;84;Balaghat;x
3018;197;32;92;Birgunj;x
3019;88;232;79;Karachi;x
3020;131;181;26;Jamshoro;x
3021;240;62;105;Thatta;x
3022;111;254;14;Nawabshah;x
3023;59;102;37;Khairpur;x
3024;156;247;53;Sukkur;x
3025;125;255;8;Jacobabad;x
3026;15;160;126;Larkana;x
3027;123;222;80;Daharki;x
3028;149;104;179;Rahim Yar Khan;x
3029;165;227;71;Okra;x
3030;109;243;25;Sujawal;x
3031;54;151;133;Badin;x
3032;90;214;224;Hyderabad;x
3033;62;221;25;Mirpur Khas;x
3034;209;195;107;Nagarkurnool;x
3035;;;;;x
3036;86;65;154;Baramati;x
3037;144;40;242;Sangamner;x
3038;136;178;93;Sanghar;x
3039;125;209;129;Dada;x
3040;153;226;152;Adilabad;x
3041;167;20;12;Nalgonda;x
3042;109;203;75;Kokand;x
3043;181;108;139;Burang;x
3044;135;137;236;Gongbogyamda;x
3045;11;112;214;Lalitpur;x
3046;149;127;242;Raisen;x
3047;28;172;160;Rajnandgaon;x
3048;39;68;220;Bhupalpally;x
3049;31;119;162;Pusad;x
3050;86;43;88;Tandur;x
3051;33;33;78;Narasaraopet;x
3052;136;211;109;Hardoi;x
3053;209;213;188;Narayanganj;x
3054;86;62;48;Nubian Desert;x
3055;;;;;x
3056;;;;;x
3057;;;;;x
3058;;;;;x
3059;;;;;x
3060;;;;;x
3061;;;;;x
3062;;;;;x
3063;;;;;x
3064;;;;;x
3065;;;;;x
3066;;;;;x
3067;;;;;x
3068;;;;;x
3069;;;;;x
3070;;;;;x
3071;;;;;x
3072;;;;;x
3073;;;;;x
3074;;;;;x
3075;;;;;x
3076;;;;;x
3077;;;;;x
3078;;;;;x
3079;;;;;x
3080;;;;;x
3081;;;;;x
3082;;;;;x
3083;;;;;x
3084;;;;;x
3085;;;;;x
3086;;;;;x
3087;;;;;x
3088;;;;;x
3089;;;;;x
3090;;;;;x
3091;;;;;x
3092;;;;;x
3093;;;;;x
3094;;;;;x
3095;;;;;x
3096;;;;;x
3097;;;;;x
3098;;;;;x
3099;;;;;x
3100;;;;;x
3101;;;;;x
3102;;;;;x
3103;;;;;x
3104;;;;;x
3105;;;;;x
3106;;;;;x
3107;;;;;x
3108;;;;;x
3109;;;;;x
3110;;;;;x
3111;;;;;x
3112;;;;;x
3113;;;;;x
3114;;;;;x
3115;;;;;x
3116;;;;;x
3117;;;;;x
3118;;;;;x
3119;;;;;x
3120;;;;;x
3121;;;;;x
3122;;;;;x
3123;;;;;x
3124;;;;;x
3125;;;;;x
3126;;;;;x
3127;;;;;x
3128;;;;;x
3129;;;;;x
3130;;;;;x
3131;;;;;x
3132;;;;;x
3133;;;;;x
3134;;;;;x
3135;;;;;x
3136;;;;;x
3137;;;;;x
3138;;;;;x
3139;;;;;x
3140;;;;;x
3141;;;;;x
3142;;;;;x
3143;;;;;x
3144;;;;;x
3145;;;;;x
3146;;;;;x
3147;;;;;x
3148;;;;;x
3149;;;;;x
3150;;;;;x
3151;;;;;x
3152;;;;;x
3153;;;;;x
3154;;;;;x
3155;;;;;x
3156;;;;;x
3157;;;;;x
3158;;;;;x
3159;;;;;x
3160;;;;;x
3161;;;;;x
3162;;;;;x
3163;;;;;x
3164;;;;;x
3165;;;;;x
3166;;;;;x
3167;;;;;x
3168;;;;;x
3169;;;;;x
3170;;;;;x
3171;;;;;x
3172;;;;;x
3173;;;;;x
3174;;;;;x
3175;;;;;x
3176;;;;;x
3177;;;;;x
3178;;;;;x
3179;;;;;x
3180;;;;;x
3181;;;;;x
3182;;;;;x
3183;;;;;x
3184;;;;;x
3185;;;;;x
3186;;;;;x
3187;;;;;x
3188;;;;;x
3189;;;;;x
3190;;;;;x
3191;;;;;x
3192;;;;;x
3193;;;;;x
3194;;;;;x
3195;;;;;x
3196;;;;;x
3197;;;;;x
3198;;;;;x
3199;;;;;x
3200;;;;;x
3201;;;;;x

