PROV1;Kerry;;;;;;;;;;;;;x
PROV2;Cork;;;;;;;;;;;;;x
PROV3;Tipperary;;;;;;;;;;;;;x
PROV4;Waterford;;;;;;;;;;;;;x
PROV5;Kilkenny;;;;;;;;;;;;;x
PROV6;Wexford;;;;;;;;;;;;;x
PROV7;Wicklow;;;;;;;;;;;;;x
PROV8;Offaly;;;;;;;;;;;;;x
PROV9;Limerick;;;;;;;;;;;;;x
PROV10;Clare;;;;;;;;;;;;;x
PROV11;Aughty;;;;;;;;;;;;;x
PROV12;Galway;;;;;;;;;;;;;x
PROV13;Roscommon;;;;;;;;;;;;;x
PROV14;Mayo;;;;;;;;;;;;;x
PROV15;Longford;;;;;;;;;;;;;x
PROV16;Kildare;;;;;;;;;;;;;x
PROV17;Meath;;;;;;;;;;;;;x
PROV18;Armagh;;;;;;;;;;;;;x
PROV19;Dublin;;;;;;;;;;;;;x
PROV20;Sligo;;;;;;;;;;;;;x
PROV21;Fermanagh;;;;;;;;;;;;;x
PROV22;Donegal;;;;;;;;;;;;;x
PROV23;Belfast;;;;;;;;;;;;;x
PROV24;Derry;;;;;;;;;;;;;x
PROV25;Antrim;;;;;;;;;;;;;x
PROV26;Tyrone;;;;;;;;;;;;;x
PROV27;London;;;;;;;;;;;;;x
PROV28;Essex;;;;;;;;;;;;;x
PROV29;Bedfordshire;;;;;;;;;;;;;x
PROV30;Surrey;;;;;;;;;;;;;x
PROV31;Kent;;;;;;;;;;;;;x
PROV32;Sussex;;;;;;;;;;;;;x
PROV33;Suffolk;;;;;;;;;;;;;x
PROV34;Norfolk;;;;;;;;;;;;;x
PROV35;Cambridgeshire;;;;;;;;;;;;;x
PROV36;Hertfordshire;;;;;;;;;;;;;x
PROV37;East Sussex;;;;;;;;;;;;;x
PROV38;Channel Islands;;;;;;;;;;;;;x
PROV39;Berkshire;;;;;;;;;;;;;x
PROV40;Oxfordshire;;;;;;;;;;;;;x
PROV41;Buckinghamshire;;;;;;;;;;;;;x
PROV42;Gloucestershire;;;;;;;;;;;;;x
PROV43;Wiltshire;;;;;;;;;;;;;x
PROV44;Bath;;;;;;;;;;;;;x
PROV45;Somerset;;;;;;;;;;;;;x
PROV46;Cornwall;;;;;;;;;;;;;x
PROV47;Devon;;;;;;;;;;;;;x
PROV48;Hampshire;;;;;;;;;;;;;x
PROV49;Wight;;;;;;;;;;;;;x
PROV50;Dorset;;;;;;;;;;;;;x
PROV51;Shropshire;;;;;;;;;;;;;x
PROV52;Herefordshire;;;;;;;;;;;;;x
PROV53;Warwickshire;;;;;;;;;;;;;x
PROV54;Birmingham;;;;;;;;;;;;;x
PROV55;Leicestershire;;;;;;;;;;;;;x
PROV56;Lincolnshire;;;;;;;;;;;;;x
PROV57;Derbyshire;;;;;;;;;;;;;x
PROV58;Nottinghamshire;;;;;;;;;;;;;x
PROV59;Northamptonshire;;;;;;;;;;;;;x
PROV60;Gwynedd;;;;;;;;;;;;;x
PROV61;Angseley;;;;;;;;;;;;;x
PROV62;Clwyd;;;;;;;;;;;;;x
PROV63;Pembrokeshire;;;;;;;;;;;;;x
PROV64;Ceredigion;;;;;;;;;;;;;x
PROV65;Gower;;;;;;;;;;;;;x
PROV66;Monmouthshire;;;;;;;;;;;;;x
PROV67;Glamorgan;;;;;;;;;;;;;x
PROV68;Montgomeryshire;;;;;;;;;;;;;x
PROV69;Radnorshire;;;;;;;;;;;;;x
PROV70;Brecknockshire;;;;;;;;;;;;;x
PROV71;North Yorkshire;;;;;;;;;;;;;x
PROV72;Humberside;;;;;;;;;;;;;x
PROV73;South Yorkshire;;;;;;;;;;;;;x
PROV74;West Yorkshire;;;;;;;;;;;;;x
PROV75;Cleveland;;;;;;;;;;;;;x
PROV76;Lancashire;;;;;;;;;;;;;x
PROV77;Cheshire;;;;;;;;;;;;;x
PROV78;Manchester;;;;;;;;;;;;;x
PROV79;Cumberland;;;;;;;;;;;;;x
PROV80;Westmorland;;;;;;;;;;;;;x
PROV81;Northumberland;;;;;;;;;;;;;x
PROV82;Durham;;;;;;;;;;;;;x
PROV83;Merseyside;;;;;;;;;;;;;x
PROV84;Tyne and Wear;;;;;;;;;;;;;x
PROV85;Edinburgh;;;;;;;;;;;;;x
PROV86;East Lothian;;;;;;;;;;;;;x
PROV87;the Marches;;;;;;;;;;;;;x
PROV88;Glasgow;;;;;;;;;;;;;x
PROV89;Ayrshire;;;;;;;;;;;;;x
PROV90;Galloway;;;;;;;;;;;;;x
PROV91;Perthshire;;;;;;;;;;;;;x
PROV92;Strathearn;;;;;;;;;;;;;x
PROV93;Fife;;;;;;;;;;;;;x
PROV94;Atholl;;;;;;;;;;;;;x
PROV95;Aberdeenshire;;;;;;;;;;;;;x
PROV96;Inverness;;;;;;;;;;;;;x
PROV97;Moray;;;;;;;;;;;;;x
PROV98;Ross;;;;;;;;;;;;;x
PROV99;Caithness;;;;;;;;;;;;;x
PROV100;Argyll;;;;;;;;;;;;;x
PROV101;Outer Hebrides;;;;;;;;;;;;;x
PROV102;Inner Hebrides;;;;;;;;;;;;;x
PROV103;Shetland;;;;;;;;;;;;;x
PROV104;Orkney;;;;;;;;;;;;;x
PROV105;Isle of Man;;;;;;;;;;;;;x
PROV106;Strait of Dover;;;;;;;;;;;;;x
PROV107;The Wash;;;;;;;;;;;;;x
PROV108;Dogger-Bank;;;;;;;;;;;;;x
PROV109;Firth of Forth;;;;;;;;;;;;;x
PROV110;Moray Firth;;;;;;;;;;;;;x
PROV111;The Minch;;;;;;;;;;;;;x
PROV112;Irish Sea;;;;;;;;;;;;;x
PROV113;St. George's Chanel;;;;;;;;;;;;;x
PROV114;Land's End;;;;;;;;;;;;;x
PROV115;Galway Bay;;;;;;;;;;;;;x
PROV116;Donegal Bay;;;;;;;;;;;;;x
PROV117;La Manche;;;;;;;;;;;;;x
PROV118;Iles d'la Manche;;;;;;;;;;;;;x
PROV119;La Manche;;;;;;;;;;;;;x
PROV120;Waddenzee;;;;;;;;;;;;;x
PROV121;North Sea;;;;;;;;;;;;;x
PROV122;Gulf of Helholland;;;;;;;;;;;;;x
PROV123;North Sea;;;;;;;;;;;;;x
PROV124;North Sea;;;;;;;;;;;;;x
PROV125;Sea of Shetland;;;;;;;;;;;;;x
PROV126;Faroya;;;;;;;;;;;;;x
PROV127;Coast of Iceland;;;;;;;;;;;;;x
PROV128;West Coast of Iceland;;;;;;;;;;;;;x
PROV129;North Coast of Iceland;;;;;;;;;;;;;x
PROV130;North Atlantic;;;;;;;;;;;;;x
PROV131;North Sea;;;;;;;;;;;;;x
PROV132;North Sea;;;;;;;;;;;;;x
PROV133;North Sea;;;;;;;;;;;;;x
PROV134;Bretagne Coast;;;;;;;;;;;;;x
PROV135;Northern Bay of Biscay;;;;;;;;;;;;;x
PROV136;Coast of Bordeaux;;;;;;;;;;;;;x
PROV137;Cantabrian Sea;;;;;;;;;;;;;x
PROV138;Coast of Asturias;;;;;;;;;;;;;x
PROV139;Bay of Biscay;;;;;;;;;;;;;x
PROV140;Cabo de Finisterre;;;;;;;;;;;;;x
PROV141;Celtic Sea;;;;;;;;;;;;;x
PROV142;Portugal Coast;;;;;;;;;;;;;x
PROV143;Golfo de Cadiz;;;;;;;;;;;;;x
PROV144;Coast of Morocco;;;;;;;;;;;;;x
PROV145;Sea of Canarias;;;;;;;;;;;;;x
PROV146;Manx Sea;;;;;;;;;;;;;x
PROV147;North Channel;;;;;;;;;;;;;x
PROV148;Lough Neagh;;;;;;;;;;;;;x
PROV149;Lough Erne;;;;;;;;;;;;;x
PROV150;Lough Mask;;;;;;;;;;;;;x
PROV151;Faroe Islands;;;;;;;;;;;;;x
PROV152;Sunnlendingafjórðungur;;;;;;;;;;;;;x
PROV153;Vestisland;;;;;;;;;;;;;x
PROV154;Austisland;;;;;;;;;;;;;x
PROV155;Nordlendingafjordungur;;;;;;;;;;;;;x
PROV156;Barents Sea;;;;;;;;;;;;;x
PROV157;Arctic Ocean;;;;;;;;;;;;;x
PROV158;Jan Mayen;;;;;;;;;;;;;x
PROV159;Iberian Shelf;;;;;;;;;;;;;x
PROV160;Gran Canaria;;;;;;;;;;;;;x
PROV161;Fuerteventura;;;;;;;;;;;;;x
PROV162;Lanzarote;;;;;;;;;;;;;x
PROV163;Tenerife;;;;;;;;;;;;;x
PROV164;La Palma;;;;;;;;;;;;;x
PROV165;La Gomera y Hierro;;;;;;;;;;;;;x
PROV166;Madeira;;;;;;;;;;;;;x
PROV167;Lisboa;;;;;;;;;;;;;x
PROV168;Península de Setubal;;;;;;;;;;;;;x
PROV169;Beja;;;;;;;;;;;;;x
PROV170;Alentejo Litoral;;;;;;;;;;;;;x
PROV171;Évora;;;;;;;;;;;;;x
PROV172;Santarém;;;;;;;;;;;;;x
PROV173;Portalegre;;;;;;;;;;;;;x
PROV174;Silves;;;;;;;;;;;;;x
PROV175;Faro;;;;;;;;;;;;;x
PROV176;Leiria;;;;;;;;;;;;;x
PROV177;Castelo Branco;;;;;;;;;;;;;x
PROV178;Coimbra;;;;;;;;;;;;;x
PROV179;Aveiro;;;;;;;;;;;;;x
PROV180;Viseu;;;;;;;;;;;;;x
PROV181;Guarda;;;;;;;;;;;;;x
PROV182;Porto;;;;;;;;;;;;;x
PROV183;Braga;;;;;;;;;;;;;x
PROV184;Vila Real;;;;;;;;;;;;;x
PROV185;Bragança;;;;;;;;;;;;;x
PROV186;Skye;;;;;;;;;;;;;x
PROV187;La Coruña;La Coruña;;;;;;;;;;;;x
PROV188;Santiago;Santiago;;;;;;;;;;;;x
PROV189;Mondoñedo;Mondoñedo;;;;;;;;;;;;x
PROV190;Lugo;Lugo;;;;;;;;;;;;x
PROV191;Pontevedra;Pontevedra;;;;;;;;;;;;x
PROV192;Vigo;Vigo;;;;;;;;;;;;x
PROV193;Ourense;Ourense;;;;;;;;;;;;x
PROV194;Verín;Verín;;;;;;;;;;;;x
PROV195;Avilés;Avilés;;;;;;;;;;;;x
PROV196;Narcea;Narcea;;;;;;;;;;;;x
PROV197;Uviéu;Uviéu;;;;;;;;;;;;x
PROV198;Xixón;Xixón;;;;;;;;;;;;x
PROV199;Santillana del Mar;Santillana del Mar;;;;;;;;;;;;x
PROV200;Reinosa;Reinosa;;;;;;;;;;;;x
PROV201;Santander;Santander;;;;;;;;;;;;x
PROV202;Besaya;Besaya;;;;;;;;;;;;x
PROV203;Villablino;Villablino;;;;;;;;;;;;x
PROV204;Bierzo;Bierzo;;;;;;;;;;;;x
PROV205;Astorga;Astorga;;;;;;;;;;;;x
PROV206;León;León;;;;;;;;;;;;x
PROV207;Benavente;Benavente;;;;;;;;;;;;x
PROV208;Alfoz de Toro;Alfoz de Toro;;;;;;;;;;;;x
PROV209;Sayago;Sayago;;;;;;;;;;;;x
PROV210;Ribera;Ribera;;;;;;;;;;;;x
PROV211;Ciudad Rodrigo;Ciudad Rodrigo;;;;;;;;;;;;x
PROV212;Guijuelo;Guijuelo;;;;;;;;;;;;x
PROV213;Palencia;Palencia;;;;;;;;;;;;x
PROV214;Valladolid;Valladolid;;;;;;;;;;;;x
PROV215;Ávila;Ávila;;;;;;;;;;;;x
PROV216;Segovia;Segovia;;;;;;;;;;;;x
PROV217;Madrid;Madrid;;;;;;;;;;;;x
PROV218;Las Vegas;Las Vegas;;;;;;;;;;;;x
PROV219;Serranía;Serranía;;;;;;;;;;;;x
PROV220;Alcarria;Alcarria;;;;;;;;;;;;x
PROV221;Alto Tajo;Alto Tajo;;;;;;;;;;;;x
PROV222;Merindades;Merindades;;;;;;;;;;;;x
PROV223;Burgos;Burgos;;;;;;;;;;;;x
PROV224;Arlanza;Arlanza;;;;;;;;;;;;x
PROV225;Soria;Soria;;;;;;;;;;;;x
PROV226;Bizkaia;Bizkaia;;;;;;;;;;;;x
PROV227;Gipuzkoa;Gipuzkoa;;;;;;;;;;;;x
PROV228;Araba;Araba;;;;;;;;;;;;x
PROV229;Nafarroako;Nafarroako;;;;;;;;;;;;x
PROV230;Iparraldea;Iparraldea;;;;;;;;;;;;x
PROV231;Pirinoaldea;Pirinoaldea;;;;;;;;;;;;x
PROV232;Estelleria;Estelleria;;;;;;;;;;;;x
PROV233;Erribera;Erribera;;;;;;;;;;;;x
PROV234;Haro;Haro;;;;;;;;;;;;x
PROV235;La Rioja;La Rioja;;;;;;;;;;;;x
PROV236;Calatayud;Calatayud;;;;;;;;;;;;x
PROV237;Zinco Billas;Zinco Billas;;;;;;;;;;;;x
PROV238;Val de Xalón;Val de Xalón;;;;;;;;;;;;x
PROV239;Daroca;Daroca;;;;;;;;;;;;x
PROV240;Zaragoza;Zaragoza;;;;;;;;;;;;x
PROV241;Ribera Baixa;Ribera Baixa;;;;;;;;;;;;x
PROV242;Chaca;Chaca;;;;;;;;;;;;x
PROV243;Uesca;Uesca;;;;;;;;;;;;x
PROV244;Monegros;Monegros;;;;;;;;;;;;x
PROV245;Sobrarbe;Sobrarbe;;;;;;;;;;;;x
PROV246;Molina;Molina;;;;;;;;;;;;x
PROV247;Xiloca;Xiloca;;;;;;;;;;;;x
PROV248;Albarrazín;Albarrazín;;;;;;;;;;;;x
PROV249;Baixo Martín;Baixo Martín;;;;;;;;;;;;x
PROV250;Matarranya;Matarranya;;;;;;;;;;;;x
PROV251;Vall d'Aran;Vall d'Aran;;;;;;;;;;;;x
PROV252;Sobirà;Sobirà;;;;;;;;;;;;x
PROV253;Jussà;Jussà;;;;;;;;;;;;x
PROV254;Garrotxa;Garrotxa;;;;;;;;;;;;x
PROV255;Empordà;Empordà;;;;;;;;;;;;x
PROV256;Osona;Osona;;;;;;;;;;;;x
PROV257;Vallès;Vallès;;;;;;;;;;;;x
PROV258;Barcelonès;Barcelonès;;;;;;;;;;;;x
PROV259;Anoia;Anoia;;;;;;;;;;;;x
PROV260;Garraf;Garraf;;;;;;;;;;;;x
PROV261;Tarragonès;Tarragonès;;;;;;;;;;;;x
PROV262;Montsià;Montsià;;;;;;;;;;;;x
PROV263;Maestrat;Maestrat;;;;;;;;;;;;x
PROV264;Alt Palància;Alt Palància;;;;;;;;;;;;x
PROV265;Alt Millars;Alt Millars;;;;;;;;;;;;x
PROV266;Camp de Túria;Camp de Túria;;;;;;;;;;;;x
PROV267;La Horta;La Horta;;;;;;;;;;;;x
PROV268;Cofrents-Aiora;Cofrents-Aiora;;;;;;;;;;;;x
PROV269;Safor;Safor;;;;;;;;;;;;x
PROV270;Alacantí;Alacantí;;;;;;;;;;;;x
PROV271;Vinalopó;Vinalopó;;;;;;;;;;;;x
PROV272;Serranía Conquense;Serranía Conquense;;;;;;;;;;;;x
PROV273;Mancuela;Mancuela;;;;;;;;;;;;x
PROV274;La Mancha;La Mancha;;;;;;;;;;;;x
PROV275;Toledo;Toledo;;;;;;;;;;;;x
PROV276;Los Montes de Toledo;Los Montes de Toledo;;;;;;;;;;;;x
PROV277;Oropesa;Oropesa;;;;;;;;;;;;x
PROV278;Talavera;Talavera;;;;;;;;;;;;x
PROV279;Coria;Coria;;;;;;;;;;;;x
PROV280;Cáceres;Cáceres;;;;;;;;;;;;x
PROV281;Plasencia;Plasencia;;;;;;;;;;;;x
PROV282;Trujillo;Trujillo;;;;;;;;;;;;x
PROV283;Badajoz;Badajoz;;;;;;;;;;;;x
PROV284;Mérida;Mérida;;;;;;;;;;;;x
PROV285;La Serena;La Serena;;;;;;;;;;;;x
PROV286;Tentudía;Tentudía;;;;;;;;;;;;x
PROV287;Montes;Montes;;;;;;;;;;;;x
PROV288;Alcudia;Alcudia;;;;;;;;;;;;x
PROV289;Calatrava;Calatrava;;;;;;;;;;;;x
PROV290;Montiel;Montiel;;;;;;;;;;;;x
PROV291;Menorca;Menorca;;;;;;;;;;;;x
PROV292;Mallorca;Mallorca;;;;;;;;;;;;x
PROV293;Eivissa;Eivissa;;;;;;;;;;;;x
PROV294;Sierra;Sierra;;;;;;;;;;;;x
PROV295;Andévalo;Andévalo;;;;;;;;;;;;x
PROV296;Huelva;Huelva;;;;;;;;;;;;x
PROV297;Sierra Norte;Sierra Norte;;;;;;;;;;;;x
PROV298;Sevilla;Sevilla;;;;;;;;;;;;x
PROV299;Guadalquivir;Guadalquivir;;;;;;;;;;;;x
PROV300;Écija;Écija;;;;;;;;;;;;x
PROV301;Valle Medio;Valle Medio;;;;;;;;;;;;x
PROV302;Guadiato;Guadiato;;;;;;;;;;;;x
PROV303;Córdoba;Córdoba;;;;;;;;;;;;x
PROV304;Baena;Baena;;;;;;;;;;;;x
PROV305;Subbética;Subbética;;;;;;;;;;;;x
PROV306;Campina;Campina;;;;;;;;;;;;x
PROV307;Jaén;Jaén;;;;;;;;;;;;x
PROV308;Segura;Segura;;;;;;;;;;;;x
PROV309;Mágina;Mágina;;;;;;;;;;;;x
PROV310;Alcaraz;Alcaraz;;;;;;;;;;;;x
PROV311;Hellín;Hellín;;;;;;;;;;;;x
PROV312;Monte Ibérico;Monte Ibérico;;;;;;;;;;;;x
PROV313;Málaga;Málaga;;;;;;;;;;;;x
PROV314;Granada;Granada;;;;;;;;;;;;x
PROV315;Almería;Almería;;;;;;;;;;;;x
PROV316;Murcia;Murcia;;;;;;;;;;;;x
PROV317;Jerez;Jerez;;;;;;;;;;;;x
PROV318;Sierra de Cádiz;Sierra de Cádiz;;;;;;;;;;;;x
PROV319;Janda;Janda;;;;;;;;;;;;x
PROV320;Gibraltar;Gibraltar;;;;;;;;;;;;x
PROV321;Andorra;Andorra;;;;;;;;;;;;x
PROV321;Andorra;Andorra;;;;;;;;;;;;x
PROV322;West Flanders;West Flanders;;;;;;;;;;;;x
PROV323;East Flanders;East Flanders;;;;;;;;;;;;x
PROV324;Antwerp;Antwerp;;;;;;;;;;;;x
PROV325;Loon;Loon;;;;;;;;;;;;x
PROV326;Brussels;Brussels;;;;;;;;;;;;x
PROV327;Brabant;Brabant;;;;;;;;;;;;x
PROV328;Hainaut;Hainaut;;;;;;;;;;;;x
PROV329;Namur;Namur;;;;;;;;;;;;x
PROV330;Liege;Liege;;;;;;;;;;;;x
PROV331;Luxembourg;Luxembourg;;;;;;;;;;;;x
PROV332;Arelerland;Arelerland;;;;;;;;;;;;x
PROV333;North Holland;North Holland;;;;;;;;;;;;x
PROV334;Holland;Holland;;;;;;;;;;;;x
PROV335;Zeeland;Zeeland;;;;;;;;;;;;x
PROV336;Utrecht;Utrecht;;;;;;;;;;;;x
PROV337;Gelderland;Gelderland;;;;;;;;;;;;x
PROV338;North Brabant;North Brabant;;;;;;;;;;;;x
PROV339;Limburg;Limburg;;;;;;;;;;;;x
PROV340;Flevoland;Flevoland;;;;;;;;;;;;x
PROV341;Overijssel;Overijssel;;;;;;;;;;;;x
PROV342;Friesland;Friesland;;;;;;;;;;;;x
PROV343;Groningen;Groningen;;;;;;;;;;;;x
PROV344;East Frisia;East Frisia;;;;;;;;;;;;x
PROV345;Emsland;;;;;;;;;;;;x
PROV346;Ammerland;;;;;;;;;;;;x
PROV347;Oldenburg;;;;;;;;;;;;x
PROV348;Bremen;;;;;;;;;;;;x
PROV349;Hamburg;;;;;;;;;;;;x
PROV350;Lüneburg;;;;;;;;;;;;x
PROV351;Celle;;;;;;;;;;;;x
PROV352;Hannover;;;;;;;;;;;;x
PROV353;Brunswick;;;;;;;;;;;;x
PROV354;Göttingen;;;;;;;;;;;;x
PROV355;Schaumburg-Lippe;;;;;;;;;;;;x
PROV356;Weser;;;;;;;;;;;;x
PROV357;Osnabrück;;;;;;;;;;;;x
PROV358;Münster;;;;;;;;;;;;x
PROV359;Bielefeld;;;;;;;;;;;;x
PROV360;Paderborn;;;;;;;;;;;;x
PROV361;Altmark;;;;;;;;;;;;x
PROV362;Magdeburg;;;;;;;;;;;;x
PROV363;Ruhr;;;;;;;;;;;;x
PROV364;Trier;;;;;;;;;;;;x
PROV365;Bonn;;;;;;;;;;;;x
PROV366;Düsseldorf;;;;;;;;;;;;x
PROV367;Sauerland;;;;;;;;;;;;x
PROV368;Kassel;;;;;;;;;;;;x
PROV369;Vogelsberg;;;;;;;;;;;;x
PROV370;Frankfurt;;;;;;;;;;;;x
PROV371;Darmstadt;;;;;;;;;;;;x
PROV372;Wiesbaden;;;;;;;;;;;;x
PROV373;Westerwald;;;;;;;;;;;;x
PROV374;Mainz;;;;;;;;;;;;x
PROV375;Ludwigshafen;;;;;;;;;;;;x
PROV376;Saarland;;;;;;;;;;;;x
PROV377;Wismar;;;;;;;;;;;;x
PROV378;Dithmarschen;;;;;;;;;;;;x
PROV379;Koblenz;;;;;;;;;;;;x
PROV380;Schleswig;;;;;;;;;;;;x
PROV381;Kiel;;;;;;;;;;;;x
PROV382;Norrejyske;;;;;;;;;;;;x
PROV383;Aalborg;;;;;;;;;;;;x
PROV384;Viborg;;;;;;;;;;;;x
PROV385;Aarhus;;;;;;;;;;;;x
PROV386;Trekantomradet;;;;;;;;;;;;x
PROV387;Aabenraa;;;;;;;;;;;;x
PROV388;Fyn;;;;;;;;;;;;x
PROV389;Sjaeland;;;;;;;;;;;;x
PROV390;Lolland;;;;;;;;;;;;x
PROV391;Bornholm;;;;;;;;;;;;x
PROV392;Schwerin;;;;;;;;;;;;x
PROV393;Rostock;;;;;;;;;;;;x
PROV394;Stralsund-Rügen;;;;;;;;;;;;x
PROV395;Wittenberg;;;;;;;;;;;;x
PROV396;Greifswald;;;;;;;;;;;;x
PROV397;Müritz;;;;;;;;;;;;x
PROV398;Harz;;;;;;;;;;;;x
PROV399;Erfurt;;;;;;;;;;;;x
PROV400;Eisenach;;;;;;;;;;;;x
PROV401;Weimar;;;;;;;;;;;;x
PROV402;Erzgebirge;;;;;;;;;;;;x
PROV403;Chemnitz;;;;;;;;;;;;x
PROV404;Dresden;;;;;;;;;;;;x
PROV405;Görlitz;;;;;;;;;;;;x
PROV406;Lausitz;;;;;;;;;;;;x
PROV407;Leipzig;;;;;;;;;;;;x
PROV408;Halle;;;;;;;;;;;;x
PROV409;Havelland;;;;;;;;;;;;x
PROV410;Teltow-Fläming;;;;;;;;;;;;x
PROV411;Oder-Spree;;;;;;;;;;;;x
PROV412;Berlin;;;;;;;;;;;;x
PROV413;Uckermark;;;;;;;;;;;;x
PROV414;Prignitz;;;;;;;;;;;;x
PROV415;Lübeck;;;;;;;;;;;;x
PROV416;Bodensee;;;;;;;;;;;;x
PROV417;Kattegat;;;;;;;;;;;;x
PROV418;The Sound;;;;;;;;;;;;x
PROV419;Gulf of Gdansk;;;;;;;;;;;;x
PROV420;Bight of Hano;;;;;;;;;;;;x
PROV421;Baltic Sea;;;;;;;;;;;;x
PROV422;Sea of Aland;;;;;;;;;;;;x
PROV423;Gulf of Bothnia;;;;;;;;;;;;x
PROV424;Gulf of Bothnia;;;;;;;;;;;;x
PROV425;Gulf of Finland;;;;;;;;;;;;x
PROV426;The Rhine;;;;;;;;;;;;x
PROV427;The Rhine;;;;;;;;;;;;x
PROV428;The Rhine;;;;;;;;;;;;x
PROV429;The Elbe;;;;;;;;;;;;x
PROV430;The Elbe;;;;;;;;;;;;x
PROV431;The Elbe;;;;;;;;;;;;x
PROV432;The Elbe;;;;;;;;;;;;x
PROV433;The Elbe;;;;;;;;;;;;x
PROV434;Dunkerque;;;;;;;;;;;;x
PROV435;Pas-de-Calais;;;;;;;;;;;;x
PROV436;Artois;;;;;;;;;;;;x
PROV437;Somme;;;;;;;;;;;;x
PROV438;Aisne;;;;;;;;;;;;x
PROV439;Oise;;;;;;;;;;;;x
PROV440;Ardennes;;;;;;;;;;;;x
PROV441;Marne;;;;;;;;;;;;x
PROV442;Aube;;;;;;;;;;;;x
PROV443;Haute-Marne;;;;;;;;;;;;x
PROV444;Meuse;;;;;;;;;;;;x
PROV445;Meurthe-et-Moselle;;;;;;;;;;;;x
PROV446;Moselle;;;;;;;;;;;;x
PROV447;Vosges;;;;;;;;;;;;x
PROV448;Bas-Rhin;;;;;;;;;;;;x
PROV449;Haut-Rhin;;;;;;;;;;;;x
PROV450;Mannheim;;;;;;;;;;;;x
PROV451;Stuttgart;;;;;;;;;;;;x
PROV452;Karlsruhe;;;;;;;;;;;;x
PROV453;Freiburg;;;;;;;;;;;;x
PROV454;Tubingen;;;;;;;;;;;;x
PROV455;Aschaffenburg;;;;;;;;;;;;x
PROV456;Wurzburg;;;;;;;;;;;;x
PROV457;Bayreuth;;;;;;;;;;;;x
PROV458;Nuremburg;;;;;;;;;;;;x
PROV459;Weiden;;;;;;;;;;;;x
PROV460;Regensburg;;;;;;;;;;;;x
PROV461;Deggendorf;;;;;;;;;;;;x
PROV462;Passau;;;;;;;;;;;;x
PROV463;Landshut;;;;;;;;;;;;x
PROV464;Rosenheim;;;;;;;;;;;;x
PROV465;Munich;;;;;;;;;;;;x
PROV466;Ingolstadt;;;;;;;;;;;;x
PROV467;Allgau;;;;;;;;;;;;x
PROV468;Augsburg;;;;;;;;;;;;x
PROV469;Geneva;;;;;;;;;;;;x
PROV470;Vaud;;;;;;;;;;;;x
PROV471;Neuchatel;;;;;;;;;;;;x
PROV472;Lower-Valais;;;;;;;;;;;;x
PROV473;Basel;;;;;;;;;;;;x
PROV474;Aargau;;;;;;;;;;;;x
PROV475;Bern;;;;;;;;;;;;x
PROV476;Valais;;;;;;;;;;;;x
PROV477;Zurich;;;;;;;;;;;;x
PROV478;Schwyz;;;;;;;;;;;;x
PROV479;St-Gallen;;;;;;;;;;;;x
PROV480;Tessino;;;;;;;;;;;;x
PROV481;Grisons;;;;;;;;;;;;x
PROV482;Scania;;;;;;;;;;;;x
PROV483;Halland;;;;;;;;;;;;x
PROV484;Bleking;;;;;;;;;;;;x
PROV485;Kronoberg;;;;;;;;;;;;x
PROV486;Kalmar;;;;;;;;;;;;x
PROV487;Oland;;;;;;;;;;;;x
PROV488;Jonkoping;;;;;;;;;;;;x
PROV489;Ostergotland;;;;;;;;;;;;x
PROV490;Vastra-Gotaland;;;;;;;;;;;;x
PROV491;Bohuslan;;;;;;;;;;;;x
PROV492;Dalsland;;;;;;;;;;;;x
PROV493;Gotland;;;;;;;;;;;;x
PROV494;Uppland;;;;;;;;;;;;x
PROV495;Sodermanland;;;;;;;;;;;;x
PROV496;Vastmanland;;;;;;;;;;;;x
PROV497;Varmland;;;;;;;;;;;;x
PROV498;Orebro;;;;;;;;;;;;x
PROV499;Dalarna;;;;;;;;;;;;x
PROV500;Gavleborg;;;;;;;;;;;;x
PROV501;Jamtland;;;;;;;;;;;;x
PROV502;Herjedalen;;;;;;;;;;;;x
PROV503;Halsingland;;;;;;;;;;;;x
PROV504;Medelpad;;;;;;;;;;;;x
PROV505;Angermanland;;;;;;;;;;;;x
PROV506;Vasterbotten;;;;;;;;;;;;x
PROV507;Norbotten;;;;;;;;;;;;x
PROV508;Akershus;;;;;;;;;;;;x
PROV509;Buskerud;;;;;;;;;;;;x
PROV510;Vestfold;;;;;;;;;;;;x
PROV511;Telemark;;;;;;;;;;;;x
PROV512;Agder;;;;;;;;;;;;x
PROV513;Hordaland;;;;;;;;;;;;x
PROV514;Rogaland;;;;;;;;;;;;x
PROV515;Sogn;;;;;;;;;;;;x
PROV516;Romsdal;;;;;;;;;;;;x
PROV517;Trondheim;;;;;;;;;;;;x
PROV518;Namdalen;;;;;;;;;;;;x
PROV519;Gauldalen;;;;;;;;;;;;x
PROV520;Nordmore;;;;;;;;;;;;x
PROV521;Finnmark;;;;;;;;;;;;x
PROV522;Troms;;;;;;;;;;;;x
PROV523;Nordland;;;;;;;;;;;;x
PROV524;Helgeland;;;;;;;;;;;;x
PROV525;Gudbrandsdal;;;;;;;;;;;;x
PROV526;Glamdalen;;;;;;;;;;;;x
PROV527;Osterdalen;;;;;;;;;;;;x
PROV528;Boras;;;;;;;;;;;;x
PROV529;Goteborg;;;;;;;;;;;;x
PROV530;Karlstad;;;;;;;;;;;;x
PROV531;Finnveden;;;;;;;;;;;;x
PROV532;Tjust;;;;;;;;;;;;x
PROV533;Lappland;;;;;;;;;;;;x
PROV534;Ulm;;;;;;;;;;;;x
#PROV528;Brest;;;;;;;;;;;;x
#PROV529;Finistere;;;;;;;;;;;;x
#PROV530;Treguier;;;;;;;;;;;;x
#PROV531;Morbinan;;;;;;;;;;;;x
#PROV532;Cotes-du-Nord;;;;;;;;;;;;x
#PROV533;Ille-et-Vilaine;;;;;;;;;;;;x
#PROV534;Loire-Atlantique;;;;;;;;;;;;x
PROV535;;;;;;;;;;;;;x
PROV536;;;;;;;;;;;;;x
PROV537;;;;;;;;;;;;;x
PROV538;;;;;;;;;;;;;x
PROV539;;;;;;;;;;;;;x
PROV540;;;;;;;;;;;;;x
PROV541;;;;;;;;;;;;;x
PROV542;;;;;;;;;;;;;x
PROV543;;;;;;;;;;;;;x
PROV544;;;;;;;;;;;;;x
PROV545;;;;;;;;;;;;;x
PROV546;;;;;;;;;;;;;x
PROV547;;;;;;;;;;;;;x
PROV548;;;;;;;;;;;;;x
PROV549;;;;;;;;;;;;;x
PROV550;;;;;;;;;;;;;x
PROV551;;;;;;;;;;;;;x
PROV552;;;;;;;;;;;;;x
PROV553;;;;;;;;;;;;;x
PROV554;;;;;;;;;;;;;x
PROV555;Cologne;;;;;;;;;;;;x
PROV556;Aachen;;;;;;;;;;;;x
PROV557;Krefeld;;;;;;;;;;;;x
PROV558;Aland Islands;;;;;;;;;;;;x
PROV559;Turku;;;;;;;;;;;;x
PROV560;Satakunta;;;;;;;;;;;;x
PROV561;Ostrobothnia;;;;;;;;;;;;x
PROV562;South Ostrobothnia;;;;;;;;;;;;x
PROV563;Central Ostrobothnia;;;;;;;;;;;;x
PROV564;North Ostrobothnia;;;;;;;;;;;;x
PROV565;Kemi;;;;;;;;;;;;x
PROV566;Lapland;;;;;;;;;;;;x
PROV567;Pirkanmaa;;;;;;;;;;;;x
PROV568;Tavastia Proper;;;;;;;;;;;;x
PROV569;Usimaa;;;;;;;;;;;;x
PROV570;Central Finland;;;;;;;;;;;;x
PROV571;Paijanne Tavastia;;;;;;;;;;;;x
PROV572;Kymen-Laakso;;;;;;;;;;;;x
PROV573;Northern Savonia;;;;;;;;;;;;x
PROV574;Southern Savonia;;;;;;;;;;;;x
PROV575;South Karelia;;;;;;;;;;;;x
PROV576;North Karelia;;;;;;;;;;;;x
PROV577;Kainuu;;;;;;;;;;;;x
PROV578;Liechtenstein;;;;;;;;;;;;x
PROV579;Vorarlberg;;;;;;;;;;;;x
PROV580;Tyrol;;;;;;;;;;;;x
PROV581;Salzburg;;;;;;;;;;;;x
PROV582;Lienz;;;;;;;;;;;;x
PROV583;Carinthia;;;;;;;;;;;;x
PROV584;Upper Austria;;;;;;;;;;;;x
PROV585;Upper Styria;;;;;;;;;;;;x
PROV586;Styria;;;;;;;;;;;;x
PROV587;Sankt Pölten;;;;;;;;;;;;x
PROV588;Krems;;;;;;;;;;;;x
PROV589;Vienna;;;;;;;;;;;;x
PROV590;Palermo;;;;;;;;;;;;x
PROV591;Trapani;;;;;;;;;;;;x
PROV592;Agrigento;;;;;;;;;;;;x
PROV593;Siracusa;;;;;;;;;;;;x
PROV594;Catania;;;;;;;;;;;;x
PROV595;Messina;;;;;;;;;;;;x
PROV596;Pelagie Islands;;;;;;;;;;;;x
PROV597;Malta;;;;;;;;;;;;x
PROV598;Elba;;;;;;;;;;;;x
PROV599;Djerba;;;;;;;;;;;;x
PROV600;Sevastopol;;;;;;;;;;;;x
PROV601;Yevpatoria;;;;;;;;;;;;x
PROV602;Hola Prystan;;;;;;;;;;;;x
PROV603;Taman;;;;;;;;;;;;x
PROV604;Novorossiysk;;;;;;;;;;;;x
PROV605;Sochi;;;;;;;;;;;;x
PROV606;Yeysk;;;;;;;;;;;;x
PROV607;Rostov-na-Donu;;;;;;;;;;;;x
PROV608;Bataysk;;;;;;;;;;;;x
PROV609;Tikhoretsk;;;;;;;;;;;;x
PROV610;Volgodonsk;;;;;;;;;;;;x
PROV611;Zernograd;;;;;;;;;;;;x
PROV612;Proletarsk;;;;;;;;;;;;x
PROV613;Dubovskoye;;;;;;;;;;;;x
PROV614;Kotelnikovo;;;;;;;;;;;;x
PROV615;Sadovoye;;;;;;;;;;;;x
PROV616;Volgograd;;;;;;;;;;;;x
PROV617;Kletskaya;;;;;;;;;;;;x
PROV618;Dubovka;;;;;;;;;;;;x
PROV619;Volzhsky;;;;;;;;;;;;x
PROV620;Mikhaylovka;;;;;;;;;;;;x
PROV621;Kamyshin;;;;;;;;;;;;x
PROV622;Pallasovka;;;;;;;;;;;;x
PROV623;Saratov;;;;;;;;;;;;x
PROV624;Volsk;;;;;;;;;;;;x
PROV625;Engels;;;;;;;;;;;;x
PROV626;Balakovo;;;;;;;;;;;;x
PROV627;Novouzensk;;;;;;;;;;;;x
PROV628;Novospasskoye;;;;;;;;;;;;x
PROV629;Nizhny Novgorod;;;;;;;;;;;;x
PROV630;Torbeyevo;;;;;;;;;;;;x
PROV631;Syzran;;;;;;;;;;;;x
PROV632;Ulyanovsk;;;;;;;;;;;;x
PROV633;Apastovo;;;;;;;;;;;;x
PROV634;Cheboksary;;;;;;;;;;;;x
PROV635;Perm;;;;;;;;;;;;x
PROV636;Krasnokamsk;;;;;;;;;;;;x
PROV637;Izhevka;;;;;;;;;;;;x
PROV638;Yelabuga;;;;;;;;;;;;x
PROV639;Kazan;;;;;;;;;;;;x
PROV640;Chistopol;;;;;;;;;;;;x
PROV641;Dimitrovgrad;;;;;;;;;;;;x
PROV642;Tolyatti;;;;;;;;;;;;x
PROV643;Samara;;;;;;;;;;;;x
PROV644;Chapayevsk;;;;;;;;;;;;x
PROV645;Pugachyov;;;;;;;;;;;;x
PROV646;Dzerzhinsk;;;;;;;;;;;;x
PROV647;Yaroslavl;;;;;;;;;;;;x
PROV648;Dmitrov;;;;;;;;;;;;x
PROV649;Vladimir;;;;;;;;;;;;x
PROV650;Murom;;;;;;;;;;;;x
PROV651;Kasimov;;;;;;;;;;;;x
PROV652;Moscow;;;;;;;;;;;;x
PROV653;Podolsk;;;;;;;;;;;;x
PROV654;Zelenograd;;;;;;;;;;;;x
PROV655;Tver;;;;;;;;;;;;x
PROV656;Kimry;;;;;;;;;;;;x
PROV657;Vesyegonsk;;;;;;;;;;;;x
PROV658;Torzhok;;;;;;;;;;;;x
PROV659;Vyshny Volochyok;;;;;;;;;;;;x
PROV660;Borovichi;;;;;;;;;;;;x
PROV661;Kresttsy;;;;;;;;;;;;x
PROV662;Ostashkov;;;;;;;;;;;;x
PROV663;Ogre;;;;;;;;;;;;x
PROV664;Leningrad;;;;;;;;;;;;x
PROV665;Gatchina;;;;;;;;;;;;x
PROV666;Kingisepp;;;;;;;;;;;;x
PROV667;Vyborg;;;;;;;;;;;;x
PROV668;Sortavala;;;;;;;;;;;;x
PROV669;Petrozavodsk;;;;;;;;;;;;x
PROV670;Severodvinsk;;;;;;;;;;;;x
PROV671;Arkhangelsk;;;;;;;;;;;;x
PROV672;Kolguyev;;;;;;;;;;;;x
PROV673;Kirovsk;;;;;;;;;;;;x
PROV674;Veliky Novgorod;;;;;;;;;;;;x
PROV675;Luga;;;;;;;;;;;;x
PROV676;Pskov;;;;;;;;;;;;x
PROV677;Staraya Russa;;;;;;;;;;;;x
PROV678;Velikiye Luki;;;;;;;;;;;;x
PROV679;Ostrov;;;;;;;;;;;;x
PROV680;Viciebsk;;;;;;;;;;;;x
PROV681;Polatsk;;;;;;;;;;;;x
PROV682;Liepaja;;;;;;;;;;;;x
PROV683;Ventspils;;;;;;;;;;;;x
PROV684;Jurmala;;;;;;;;;;;;x
PROV685;Riga;;;;;;;;;;;;x
PROV686;Bauska;;;;;;;;;;;;x
PROV687;Valmiera;;;;;;;;;;;;x
PROV688;Kuznetsk;;;;;;;;;;;;x
PROV689;Penza;;;;;;;;;;;;x
PROV690;Rybinsk;;;;;;;;;;;;x
PROV691;Vyksa;;;;;;;;;;;;x
PROV692;Arzamas;;;;;;;;;;;;x
PROV693;Ryazan;;;;;;;;;;;;x
PROV694;Yegoryevsk;;;;;;;;;;;;x
PROV695;Kineshma;;;;;;;;;;;;x
PROV696;Kanesh;;;;;;;;;;;;x
PROV697;Smolny;;;;;;;;;;;;x
PROV698;Saransk;;;;;;;;;;;;x
PROV699;Tikhvin;;;;;;;;;;;;x
PROV700;Cherepovets;;;;;;;;;;;;x
PROV701;Murmansk;;;;;;;;;;;;x
PROV702;Apatity;;;;;;;;;;;;x
PROV703;Lovozero;;;;;;;;;;;;x
PROV704;Kandalaksha;;;;;;;;;;;;x
PROV705;Kem;;;;;;;;;;;;x
PROV706;Segezha;;;;;;;;;;;;x
PROV707;Kanin;;;;;;;;;;;;x
PROV708;Zavarot;;;;;;;;;;;;x
PROV709;Soyma;;;;;;;;;;;;x
PROV710;Mezen;;;;;;;;;;;;x
PROV711;Naryan-Mar;;;;;;;;;;;;x
PROV712;Ust-Tsilma;;;;;;;;;;;;x
PROV713;Usinsk;;;;;;;;;;;;x
PROV714;Ust-Izhma;;;;;;;;;;;;x
PROV715;Pechora;;;;;;;;;;;;x
PROV716;Salekhard;;;;;;;;;;;;x
PROV717;Muzhi;;;;;;;;;;;;x
PROV718;Berezovo;;;;;;;;;;;;x
PROV719;Surgut;;;;;;;;;;;;x
PROV720;Nefteyugansk;;;;;;;;;;;;x
PROV721;Khanty-Mansiysk;;;;;;;;;;;;x
PROV722;Nizhnevartovsk;;;;;;;;;;;;x
PROV723;Ozero;;;;;;;;;;;;x
PROV724;Beloyarsky;;;;;;;;;;;;x
PROV725;Sverdlovsk;;;;;;;;;;;;x
PROV726;Tyumen;;;;;;;;;;;;x
PROV727;Tobolsk;;;;;;;;;;;;x
PROV728;Uvat;;;;;;;;;;;;x
PROV729;Yarkovo;;;;;;;;;;;;x
PROV730;Kamyshlov;;;;;;;;;;;;x
PROV731;Krasnoufimsk;;;;;;;;;;;;x
PROV732;Lysva;;;;;;;;;;;;x
PROV733;Feodosia;;;;;;;;;;;;x
PROV734;Bor;;;;;;;;;;;;x
PROV735;Uren;;;;;;;;;;;;x
PROV736;Danilov;;;;;;;;;;;;x
PROV737;Vologda;;;;;;;;;;;;x
PROV738;Vytegra;;;;;;;;;;;;x
PROV739;Verkhovazhye;;;;;;;;;;;;x
PROV740;Plesetsk;;;;;;;;;;;;x
PROV741;Kostomuksha;;;;;;;;;;;;x
PROV742;Velsk;;;;;;;;;;;;x
PROV743;Bereznik;;;;;;;;;;;;x
PROV744;Kotlas;;;;;;;;;;;;x
PROV745;Veliky Ustyug;;;;;;;;;;;;x
PROV746;Luza;;;;;;;;;;;;x
PROV747;Kostroma;;;;;;;;;;;;x
PROV748;Chukhloma;;;;;;;;;;;;x
PROV749;Yoshkar-Ola;;;;;;;;;;;;x
PROV750;Makaryev;;;;;;;;;;;;x
PROV751;Yaransk;;;;;;;;;;;;x
PROV752;Kirov;;;;;;;;;;;;x
PROV753;Orlov;;;;;;;;;;;;x
PROV754;Lena;;;;;;;;;;;;x
PROV755;Pinega;;;;;;;;;;;;x
PROV756;Ust-Vayenga;;;;;;;;;;;;x
PROV757;Usogorsk;;;;;;;;;;;;x
PROV758;Leshukonskoye;;;;;;;;;;;;x
PROV759;Vyatskiye Polyany;;;;;;;;;;;;x
PROV760;Belaya Kholunitsa;;;;;;;;;;;;x
PROV761;Glazov;;;;;;;;;;;;x
PROV762;Oktyabrsky;;;;;;;;;;;;x
PROV763;Neftekamsk;;;;;;;;;;;;x
PROV764;Chaykovsky;;;;;;;;;;;;x
PROV765;Naberezhnye Chelny;;;;;;;;;;;;x
PROV766;Bugulma;;;;;;;;;;;;x
PROV767;Buzuluk;;;;;;;;;;;;x
PROV768;Orenburg;;;;;;;;;;;;x
PROV769;Salavat;;;;;;;;;;;;x
PROV770;Ufa;;;;;;;;;;;;x
PROV771;Mesyagutovo;;;;;;;;;;;;x
PROV772;Beloretsk;;;;;;;;;;;;x
PROV773;Sibay;;;;;;;;;;;;x
PROV774;Orsk;;;;;;;;;;;;x
PROV775;Adamovka;;;;;;;;;;;;x
PROV776;Miass;;;;;;;;;;;;x
PROV777;Chelyabinsk;;;;;;;;;;;;x
PROV778;Ozersk;;;;;;;;;;;;x
PROV779;Kudymkar;;;;;;;;;;;;x
PROV780;Berezniki;;;;;;;;;;;;x
PROV781;Serov;;;;;;;;;;;;x
PROV782;Nizhny Tagil;;;;;;;;;;;;x
PROV783;Tsimlyansk;;;;;;;;;;;;x
PROV784;Millerovo;;;;;;;;;;;;x
PROV785;Kherson;;;;;;;;;;;;x
PROV786;Mykolaiv;;;;;;;;;;;;x
PROV787;Odesa;;;;;;;;;;;;x
PROV788;Akkerman;;;;;;;;;;;;x
PROV789;Dnipro;;;;;;;;;;;;x
PROV790;Nikopol;;;;;;;;;;;;x
PROV791;Nova Kakhovka;;;;;;;;;;;;x
PROV792;Henichesk;;;;;;;;;;;;x
PROV793;Melitopol;;;;;;;;;;;;x
PROV794;Zaporizhzhia;;;;;;;;;;;;x
PROV795;Novomoskovsk;;;;;;;;;;;;x
PROV796;Mariupol;;;;;;;;;;;;x
PROV797;Donetsk;;;;;;;;;;;;x
PROV798;Luhansk;;;;;;;;;;;;x
PROV799;Kamensk-Shakhtinsky;;;;;;;;;;;;x
PROV800;Kaliningrad;;;;;;;;;;;;x
PROV801;Volodino;;;;;;;;;;;;x
PROV802;Klaipeda;;;;;;;;;;;;x
PROV803;Gdansk;;;;;;;;;;;;x
PROV804;Gdynia;;;;;;;;;;;;x
PROV805;Elblag;;;;;;;;;;;;x
PROV806;Smolensk;;;;;;;;;;;;x
PROV807;Vyazma;;;;;;;;;;;;x
PROV808;Roslavl;;;;;;;;;;;;x
PROV809;Rzhev;;;;;;;;;;;;x
PROV810;Klintsy;;;;;;;;;;;;x
PROV811;Bryansk;;;;;;;;;;;;x
PROV812;Zheleznogorsk;;;;;;;;;;;;x
PROV813;Kursk;;;;;;;;;;;;x
PROV814;Kharkiv;;;;;;;;;;;;x
PROV815;Poltava;;;;;;;;;;;;x
PROV816;Sumy;;;;;;;;;;;;x
PROV817;Kremenchuk;;;;;;;;;;;;x
PROV818;Zolotonosha;;;;;;;;;;;;x
PROV819;Kyiv;;;;;;;;;;;;x
PROV820;Brovary;;;;;;;;;;;;x
PROV821;Lubny;;;;;;;;;;;;x
PROV822;Prypiat;;;;;;;;;;;;x
PROV823;Gomel;;;;;;;;;;;;x
PROV824;Chernihiv;;;;;;;;;;;;x
PROV825;Pryluky;;;;;;;;;;;;x
PROV826;Shostka;;;;;;;;;;;;x
PROV827;Severodonetsk;;;;;;;;;;;;x
PROV828;Izyum;;;;;;;;;;;;x
PROV829;Belgorod;;;;;;;;;;;;x
PROV830;Voronezh;;;;;;;;;;;;x
PROV831;Stary Oskol;;;;;;;;;;;;x
PROV832;Rossosh;;;;;;;;;;;;x
PROV833;Pavlovsk;;;;;;;;;;;;x
PROV834;Borisoglebsk;;;;;;;;;;;;x
PROV835;Yelets;;;;;;;;;;;;x
PROV836;Skopin;;;;;;;;;;;;x
PROV837;Sasovo;;;;;;;;;;;;x
PROV838;Tambov;;;;;;;;;;;;x
PROV839;Michurinsk;;;;;;;;;;;;x
PROV840;Nizhny Lomov;;;;;;;;;;;;x
PROV841;Balashov;;;;;;;;;;;;x
PROV842;Tula;;;;;;;;;;;;x
PROV843;Novomoskovsk;;;;;;;;;;;;x
PROV844;Oryol;;;;;;;;;;;;x
PROV845;Livny;;;;;;;;;;;;x
PROV846;Zhizdra;;;;;;;;;;;;x
PROV847;Kaluga;;;;;;;;;;;;x
PROV848;Mogilev;;;;;;;;;;;;x
PROV849;Babruysk;;;;;;;;;;;;x
PROV850;Svietlahorsk;;;;;;;;;;;;x
PROV851;Mazyr;;;;;;;;;;;;x
PROV852;Plinsk;;;;;;;;;;;;x
PROV853;Brest;;;;;;;;;;;;x
PROV854;Baranovichi;;;;;;;;;;;;x
PROV855;Grodno;;;;;;;;;;;;x
PROV856;Lida;;;;;;;;;;;;x
PROV857;Minsk;;;;;;;;;;;;x
PROV858;Salihorsk;;;;;;;;;;;;x
PROV859;Barysaw;;;;;;;;;;;;x
PROV860;Navapolatsk;;;;;;;;;;;;x
PROV861;Vilnius;;;;;;;;;;;;x
PROV862;Kaunas;;;;;;;;;;;;x
PROV863;Utena;;;;;;;;;;;;x
PROV864;Panevezys;;;;;;;;;;;;x
PROV865;Balti;;;;;;;;;;;;x
PROV866;Chisinau;;;;;;;;;;;;x
PROV867;Ladyzhyn;;;;;;;;;;;;x
PROV868;Vinnytsia;;;;;;;;;;;;x
PROV869;Zhytomyr;;;;;;;;;;;;x
PROV870;Bila Tserkva;;;;;;;;;;;;x
PROV871;Cherkasy;;;;;;;;;;;;x
PROV872;Uman;;;;;;;;;;;;x
PROV873;Oleksandriya;;;;;;;;;;;;x
PROV874;Kropyvnytskyi;;;;;;;;;;;;x
PROV875;Podilsk;;;;;;;;;;;;x
PROV876;Constanta;;;;;;;;;;;;x
PROV877;Tulcea;;;;;;;;;;;;x
PROV878;Cahul;;;;;;;;;;;;x
PROV879;Chernivtsi;;;;;;;;;;;;x
PROV880;Kamianets-Podilskyi;;;;;;;;;;;;x
PROV881;Khmelnytskyi;;;;;;;;;;;;x
PROV882;Shepetivka;;;;;;;;;;;;x
PROV883;Novohrad-Volynskyi;;;;;;;;;;;;x
PROV884;Korosten;;;;;;;;;;;;x
PROV885;Lviv;;;;;;;;;;;;x
PROV886;Rivne;;;;;;;;;;;;x
PROV887;Lutsk;;;;;;;;;;;;x
PROV888;Kovel;;;;;;;;;;;;x
PROV889;Sarny;;;;;;;;;;;;x
PROV890;Stryi;;;;;;;;;;;;x
PROV891;Ivano-Frankivsk;;;;;;;;;;;;x
PROV892;Ternopil;;;;;;;;;;;;x
PROV893;Mukachevo;;;;;;;;;;;;x
PROV894;Gulbene;;;;;;;;;;;;x
PROV895;Alytus;;;;;;;;;;;;x
PROV896;Siauliai;;;;;;;;;;;;x
PROV897;Astrakhan;;;;;;;;;;;;x
PROV898;Elista;;;;;;;;;;;;x
PROV899;Stavropol;;;;;;;;;;;;x
PROV900;Budyonnovsk;;;;;;;;;;;;x
PROV901;Lagan;;;;;;;;;;;;x
PROV902;Tsagan Aman;;;;;;;;;;;;x
PROV903;Grozny;;;;;;;;;;;;x
PROV904;Kizlyar;;;;;;;;;;;;x
PROV905;Derbent;;;;;;;;;;;;x
PROV906;Makhachkala;;;;;;;;;;;;x
PROV907;Maykop;;;;;;;;;;;;x
PROV908;Krasnodar;;;;;;;;;;;;x
PROV909;Kropotkin;;;;;;;;;;;;x
PROV910;Armavir;;;;;;;;;;;;x
PROV911;Cherkessk;;;;;;;;;;;;x
PROV912;Pyatigorsk;;;;;;;;;;;;x
PROV913;Nalchik;;;;;;;;;;;;x
PROV914;Vladikavkaz;;;;;;;;;;;;x
PROV915;Sokhumi;;;;;;;;;;;;x
PROV916;Baku;;;;;;;;;;;;x
PROV917;Quba;;;;;;;;;;;;x
PROV918;Poti;;;;;;;;;;;;x
PROV919;Batumi;;;;;;;;;;;;x
PROV920;Akhtubinsk;;;;;;;;;;;;x
PROV921;Krasnyy Yar;;;;;;;;;;;;x
PROV922;Atyrau;;;;;;;;;;;;x
PROV923;Kaztalovka;;;;;;;;;;;;x
PROV924;Zhanbay;;;;;;;;;;;;x
PROV925;Zhanaqala;;;;;;;;;;;;x
PROV926;Uralsk;;;;;;;;;;;;x
PROV927;Akzhaik;;;;;;;;;;;;x
PROV928;Kyzylkoga;;;;;;;;;;;;x
PROV929;Syrym;;;;;;;;;;;;x
PROV930;Aktobe;;;;;;;;;;;;x
PROV931;Temir;;;;;;;;;;;;x
PROV932;Zhylyoi;;;;;;;;;;;;x
PROV933;Beynau;;;;;;;;;;;;x
PROV934;Inta;;;;;;;;;;;;x
PROV935;Vokhma;;;;;;;;;;;;x
PROV936;Abdulino;;;;;;;;;;;;x
PROV937;Izmail;;;;;;;;;;;;x
PROV938;Lipetsk;;;;;;;;;;;;x
PROV939;;;;;;;;;;;;;x
PROV940;;;;;;;;;;;;;x
PROV941;;;;;;;;;;;;;x
PROV942;;;;;;;;;;;;;x
PROV943;;;;;;;;;;;;;x
PROV944;;;;;;;;;;;;;x
PROV945;;;;;;;;;;;;;x
PROV946;;;;;;;;;;;;;x
PROV947;;;;;;;;;;;;;x
PROV948;;;;;;;;;;;;;x
PROV949;;;;;;;;;;;;;x
PROV950;;;;;;;;;;;;;x
PROV951;;;;;;;;;;;;;x
PROV952;;;;;;;;;;;;;x
PROV953;;;;;;;;;;;;;x
PROV954;;;;;;;;;;;;;x
PROV955;;;;;;;;;;;;;x
PROV956;;;;;;;;;;;;;x
PROV957;;;;;;;;;;;;;x
PROV958;;;;;;;;;;;;;x
PROV959;;;;;;;;;;;;;x
PROV960;;;;;;;;;;;;;x
PROV961;;;;;;;;;;;;;x
PROV962;;;;;;;;;;;;;x
PROV963;;;;;;;;;;;;;x
PROV964;;;;;;;;;;;;;x
PROV965;;;;;;;;;;;;;x
PROV966;;;;;;;;;;;;;x
PROV967;;;;;;;;;;;;;x
PROV968;;;;;;;;;;;;;x
PROV969;;;;;;;;;;;;;x
PROV970;;;;;;;;;;;;;x
PROV971;;;;;;;;;;;;;x
PROV972;;;;;;;;;;;;;x
PROV973;;;;;;;;;;;;;x
PROV974;;;;;;;;;;;;;x
PROV975;;;;;;;;;;;;;x
PROV976;;;;;;;;;;;;;x
PROV977;;;;;;;;;;;;;x
PROV978;;;;;;;;;;;;;x
PROV979;;;;;;;;;;;;;x
PROV980;;;;;;;;;;;;;x
PROV981;;;;;;;;;;;;;x
PROV982;;;;;;;;;;;;;x
PROV983;;;;;;;;;;;;;x
PROV984;;;;;;;;;;;;;x
PROV985;;;;;;;;;;;;;x
PROV986;;;;;;;;;;;;;x
PROV987;;;;;;;;;;;;;x
PROV988;;;;;;;;;;;;;x
PROV989;;;;;;;;;;;;;x
PROV990;;;;;;;;;;;;;x
PROV991;;;;;;;;;;;;;x
PROV992;;;;;;;;;;;;;x
PROV993;;;;;;;;;;;;;x
PROV994;;;;;;;;;;;;;x
PROV995;;;;;;;;;;;;;x
PROV996;;;;;;;;;;;;;x
PROV997;;;;;;;;;;;;;x
PROV998;;;;;;;;;;;;;x
PROV999;;;;;;;;;;;;;x
PROV1000;Uljanik;;;;;;;;;;;;x
PROV1001;Hartera;;;;;;;;;;;;x
PROV1002;Crikvenica;;;;;;;;;;;;x
PROV1003;Krk-Cres-Lošinj;;;;;;;;;;;;x
PROV1004;Bagat;;;;;;;;;;;;x
PROV1005;Josipovina;;;;;;;;;;;;x
PROV1006;Krka;;;;;;;;;;;;x
PROV1007;Dinara;;;;;;;;;;;;x
PROV1008;Plitvice;;;;;;;;;;;;x
PROV1009;Boska;;;;;;;;;;;;x
PROV1010;Split;;;;;;;;;;;;x
PROV1011;Poljana;;;;;;;;;;;;x
PROV1012;Pokuplje;;;;;;;;;;;;x
PROV1013;Željezara;;;;;;;;;;;;x
PROV1014;Prigorje;;;;;;;;;;;;x
PROV1015;Medjimurje;;;;;;;;;;;;x